description,category
Apollo Pharmacy prescription medicine,Healthcare
PVR Cinemas caramel popcorn and beverage,Entertainment
Gaming arcade gaming card recharge,Entertainment
Thyrocare full body health checkup package,Healthcare
POS txn: ATM cash withdrawal cash dispensing,Others
Bank debit card annual maintenance charge,Others
ADIDAS TRAINING SPORTSWEAR,Shopping
Daily fruits and vegetables from Spencers Supermarket,Food
college library annual membership fee,Education
Croma electronics laptop bag,Shopping
Uber cab ride to Tech Park Electronic City,Transport
POS txn: Puma casual sneakers sale,Shopping
Shoppers Stop leather wallet - Ref #97991,Shopping
Netflix monthly 4K UHD streaming subscription,Entertainment
Blue Tokai Vanilla Sweet Cream,Food
Kindle Unlimited reading subscription,Entertainment
Swiggy order from Smoke House Deli,Food
Pediatrician child vaccination shot fee,Healthcare
cafe coffee day caramel macchiato,Food
reliance digital wireless earbuds,Shopping
Lunch at Pizza Bakery,Food
Pet store premium dog food kibble,Others
ZOMATO DELIVERY FROM NANDHINI DELUXE,Food
indian oil fuel payment,Transport
Apple Store iPhone case & magsafe,Shopping
redbus interstate bus booking,Transport
Pet clinic veterinarian checkup vaccination,Others
Technical textbooks bookstore purchase,Education
Airtel mobile postpaid plan recharge,Bills
Dr Lal PathLabs blood lipid profile test,Healthcare
Ice cream parlour Baskin Robbins,Food
FASTag highway toll recharge,Transport
haldiram's sweets and thali,Food
POS txn: Audible audiobooks monthly credit,Entertainment
IELTS academic English exam fee,Education
Jio mobile postpaid monthly plan,Bills
youtube premium student subscription,Entertainment
Ferry boat ticket ride,Transport
AMUSEMENT PARK THEME PARK ENTRY PASS,Entertainment
Home Centre curtains and cushions,Shopping
Municipal property tax annual payment,Bills
HOME CENTRE CURTAINS AND CUSHIONS,Shopping
"Milk, eggs, and bread delivery from Country Delight",Food
Supermarket weekly provisions,Food
HP PETROL BUNK DIESEL REFILL,Transport
ZEPTO QUICK DELIVERY,Food
Speed Post courier parcel shipping charges,Others
HOUSE RENT TRANSFER VIA NEFT,Bills
Auto rickshaw cash fare,Transport
MEDPLUS MEDICINES AND FIRST AID,Healthcare
DIAGNOSTIC RADIOLOGY X-RAY SCAN REPORT,Healthcare
charity donation local animal shelter,Others
Flight ticket booking IndiGo Chennai MAA,Transport
House rent transfer via NEFT,Bills
indian oil fuel payment,Transport
leetcode annual premium subscription,Education
chai point ginger tea snacks,Food
Monthly city bus pass pass renewal,Transport
flipkart big billion days purchase,Shopping
University semester academic tuition fee,Education
DTH Tata Play TV recharge - Ref #74094,Bills
Pediatrician child vaccination shot fee,Healthcare
POS txn: Indian Oil fuel payment,Transport
tailor alteration stitching charges suit,Others
dth tata play tv recharge,Bills
ADANI GAS CYLINDER BOOKING,Bills
Orthopedic knee support brace,Healthcare
Gifting greeting card and luxury gift box,Others
POS txn: Tutoring center monthly coaching fee,Education
Chaat stall evening snacks - Ref #41821,Food
Municipal property tax annual payment,Bills
Masterclass annual streaming pass,Education
DATACAMP DATA SCIENCE CAREER TRACK PASS,Education
Coursera Machine Learning Specialization subscription,Education
Pet clinic veterinarian checkup vaccination,Others
POS txn: SBI Card monthly settlement,Bills
Gaming arcade gaming card recharge,Entertainment
Pizza Hut dinner feast,Food
MONTHLY CITY BUS PASS PASS RENEWAL,Transport
PlayStation Network Plus game subscription,Entertainment
Airtel Digital TV subscription recharge,Bills
Biryani pot meal box Behrouz,Food
bookmyshow movie tickets pvr imax 3d,Entertainment
Key maker locksmith urgent home visit - Ref #97355,Others
Apple Music monthly individual subscription - Ref #97013,Entertainment
PlayStation Network Plus game subscription - Ref #28547,Entertainment
LeetCode annual premium subscription,Education
Airtel Digital TV subscription recharge,Bills
Waste management & recycling collection fee,Bills
Nike running shoes Air Zoom,Shopping
POS txn: Coursera Machine Learning Specialization subscription,Education
"Milk, eggs, and bread delivery from FreshToHome",Food
Board game club entry fee,Entertainment
driving license renewal rto fee,Others
hdfc ergo mediclaim health policy payment,Healthcare
PET CLINIC VETERINARIAN CHECKUP VACCINATION,Others
Zara formal shirt and trousers,Shopping
TECHNICAL TEXTBOOKS BOOKSTORE PURCHASE,Education
pantaloons jeans and belt,Shopping
POS txn: Udemy Full-Stack Web Development course,Education
Blue Tokai Cappuccino Tall,Food
Physiotherapy rehabilitation therapy session,Healthcare
POS txn: Monthly city bus pass pass renewal,Transport
Technical textbooks bookstore purchase,Education
tata power residential electricity bill,Bills
Passport seva online application fee - Ref #84572,Others
delhi metro token recharge,Transport
Tata Power residential electricity bill - Ref #29091,Bills
Dermatologist skin treatment & ointment,Healthcare
Prescription multivitamins and Omega 3,Healthcare
Air India flight to Bengaluru BLR,Transport
research paper ieee publication fee,Education
Bakery fresh artisan bread & pastry,Food
DISNEY+ HOTSTAR SUPER ANNUAL PLAN,Entertainment
Bank debit card annual maintenance charge,Others
bakery fresh artisan bread & pastry,Food
School quarterly bus and tuition fee,Education
AMUSEMENT PARK THEME PARK ENTRY PASS,Entertainment
Puma casual sneakers sale,Shopping
Dental cleaning and cavity filling clinic - Ref #62969,Healthcare
McDonald's burger combo meal,Food
DAILY FRUITS AND VEGETABLES FROM METRO CASH & CARRY,Food
MUNICIPAL PROPERTY TAX ANNUAL PAYMENT,Bills
Ayurvedic clinic consultation & herbs,Healthcare
Vi Vodafone Idea monthly bill,Bills
netflix monthly 4k uhd streaming subscription,Entertainment
Flower bouquet anniversary surprise delivery,Others
Ferry boat ticket ride,Transport
Donation to PM Relief Fund / UNICEF,Others
tata power residential electricity bill,Bills
DUNKIN DONUTS BOX OF 6,Food
GIFTING GREETING CARD AND LUXURY GIFT BOX,Others
Adani Gas cylinder booking,Bills
POS txn: Nintendo Switch digital eShop game,Entertainment
rapido bike taxi ride,Transport
ayurvedic clinic consultation & herbs,Healthcare
Technical textbooks bookstore purchase,Education
Air India flight to Bengaluru BLR,Transport
POS txn: Piped natural gas IGL monthly bill,Bills
airtel digital tv subscription recharge,Bills
Carpentry repair work service handyman,Others
Chai Point ginger tea snacks,Food
Cafe Coffee Day Vanilla Sweet Cream,Food
Tata Power residential electricity bill - Ref #29942,Bills
Kindle Unlimited reading subscription,Entertainment
Zomato delivery from Meghana Foods,Food
Adani Gas cylinder booking,Bills
apple music monthly individual subscription,Entertainment
Juice bar fresh fruit juice,Food
POS txn: Sephora perfume and makeup,Shopping
DONATION TO PM RELIEF FUND / UNICEF,Others
Monthly city bus pass pass renewal,Transport
Home Centre curtains and cushions,Shopping
Tailor alteration stitching charges suit,Others
PVR Cinemas caramel popcorn and beverage,Entertainment
School quarterly bus and tuition fee,Education
POS txn: Prescription multivitamins and Omega 3,Healthcare
Thyrocare full body health checkup package,Healthcare
Haldiram's sweets and thali,Food
Amazon Prime Video annual renewal,Entertainment
POS txn: Board game club entry fee,Entertainment
Pluralsight annual tech skills subscription,Education
Nintendo Switch digital eShop game,Entertainment
NYKAA COSMETICS SKINCARE SERUM,Shopping
research paper ieee publication fee,Education
POS txn: Donation to PM Relief Fund / UNICEF,Others
McDonald's burger combo meal - Ref #56517,Food
Indian Oil fuel payment,Transport
DTH Tata Play TV recharge,Bills
atm cash withdrawal cash dispensing,Others
adani electricity monthly bill,Bills
RAPIDO BIKE TAXI RIDE,Transport
orthopedic knee support brace,Healthcare
IKEA furniture study desk chair,Shopping
Plumber leakage repair bathroom fitting,Others
Notary public stamp paper affidavit fee,Others
Apple Music monthly individual subscription,Entertainment
Donation to PM Relief Fund / UNICEF,Others
Hyundai annual car maintenance,Transport
Zara formal shirt and trousers,Shopping
dunkin donuts box of 6,Food
Gaming arcade gaming card recharge,Entertainment
Pantaloons jeans and belt - Ref #47660,Shopping
POS txn: Petrol refill at Shell station,Transport
POS txn: Speed Post courier parcel shipping charges,Others
ferry boat ticket ride,Transport
Tailor alteration stitching charges suit,Others
flower bouquet anniversary surprise delivery,Others
Chai Point ginger tea snacks - Ref #42746,Food
HDFC ERGO Mediclaim health policy payment,Healthcare
municipal corporation water utility bill,Bills
Board game club entry fee,Entertainment
Bicycle repair and tire puncture,Transport
H&M slim fit cotton t-shirt - Ref #67095,Shopping
TOEFL test registration payment,Education
DISNEY+ HOTSTAR SUPER ANNUAL PLAN,Entertainment
POS txn: ATM cash withdrawal cash dispensing,Others
Diagnostic radiology X-ray scan report,Healthcare
PlayStation Network Plus game subscription,Entertainment
BookMyShow movie tickets PVR IMAX 3D,Entertainment
Grocery purchase at Big Bazaar,Food
dr lal pathlabs blood lipid profile test,Healthcare
Donation to PM Relief Fund / UNICEF,Others
PRESCRIPTION MULTIVITAMINS AND OMEGA 3,Healthcare
POS txn: H&M slim fit cotton t-shirt,Shopping
sbi card monthly settlement,Bills
POS txn: Netflix monthly 4K UHD streaming subscription,Entertainment
POS txn: Airtel mobile postpaid plan recharge,Bills
AWS Cloud Certified Architect exam voucher,Education
Hyundai annual car maintenance,Transport
coursera machine learning specialization subscription,Education
Thyrocare full body health checkup package,Healthcare
delhi metro token recharge,Transport
gifting greeting card and luxury gift box,Others
Blue Dart express courier delivery,Others
plumber leakage repair bathroom fitting,Others
NINTENDO SWITCH DIGITAL ESHOP GAME,Entertainment
Gaming arcade gaming card recharge,Entertainment
home centre curtains and cushions,Shopping
BPCL PETROL PUMP FUEL CAR,Transport
daily fruits and vegetables from d-mart supermarket,Food
JioFiber high speed optical fiber bill,Bills
Notary public stamp paper affidavit fee,Others
Costa Coffee Americano Hot,Food
gre test official registration ets,Education
Domino's cheese burst pizza order,Food
Municipal property tax annual payment,Bills
pvr cinemas caramel popcorn and beverage,Entertainment
CAR WASH AND DETAILING SPA SERVICE,Others
COSTA COFFEE AMERICANO HOT,Food
Music concert festival pass,Entertainment
GRE test official registration ETS - Ref #43213,Education
Bangalore Namma Metro recharge,Transport
bookstore fiction paperback novel,Shopping
Waste management & recycling collection fee - Ref #14988,Bills
PlayStation Network Plus game subscription,Entertainment
bank debit card annual maintenance charge,Others
Cafe Coffee Day Americano Hot - Ref #4347,Food
POS txn: Mental wellness therapist counseling session,Healthcare
gre test official registration ets,Education
Steam store winter gaming sale PC game,Entertainment
Air India flight to Goa GOI,Transport
netflix monthly 4k uhd streaming subscription,Entertainment
zomato delivery from meghana foods,Food
redbus interstate bus booking,Transport
Apartment maintenance society dues,Bills
Technical textbooks bookstore purchase,Education
Jio mobile postpaid monthly plan,Bills
Diagnostic radiology X-ray scan report,Healthcare
POS txn: Westside lifestyle casual wear,Shopping
Dr Lal PathLabs blood lipid profile test,Healthcare
Live standup comedy show ticket BMS,Entertainment
POS txn: Thyrocare full body health checkup package,Healthcare
Tutoring center monthly coaching fee - Ref #14288,Education
POS txn: Cafe Coffee Day Classic Iced Latte,Food
tutoring center monthly coaching fee,Education
board game club entry fee,Entertainment
BANGALORE NAMMA METRO RECHARGE,Transport
Domino's cheese burst pizza order,Food
BLUE DART EXPRESS COURIER DELIVERY,Others
Hyundai annual car maintenance,Transport
leetcode annual premium subscription,Education
Nykaa cosmetics skincare serum,Shopping
GRE test official registration ETS,Education
POS txn: Netmeds pharmacy home delivery,Healthcare
HDFC ERGO Mediclaim health policy payment,Healthcare
Myntra fashion summer clothing,Shopping
NETMEDS PHARMACY HOME DELIVERY,Healthcare
POS txn: Flipkart Big Billion Days purchase,Shopping
Zepto quick delivery,Food
Starbucks Mocha Frappuccino,Food
POS txn: Music concert festival pass,Entertainment
Thyrocare full body health checkup package,Healthcare
bookstore fiction paperback novel,Shopping
UDEMY FULL-STACK WEB DEVELOPMENT COURSE,Education
Zepto quick delivery,Food
Udemy Full-Stack Web Development course,Education
Haldiram's sweets and thali - Ref #24864,Food
BPCL petrol pump fuel car - Ref #25547,Transport
Apartment maintenance society dues,Bills
Nike running shoes Air Zoom,Shopping
Daily fruits and vegetables from D-Mart Supermarket,Food
Physiotherapy rehabilitation therapy session,Healthcare
TOEFL test registration payment,Education
gifting greeting card and luxury gift box,Others
bowling alley weekend game with friends,Entertainment
EDX MIT MICRO-MASTERS CERTIFICATE FEE,Education
POS txn: Passport seva online application fee,Others
Costa Coffee Hazelnut Cold Brew,Food
hdfc ergo mediclaim health policy payment,Healthcare
Uniqlo heattech jacket,Shopping
POS txn: Dr Lal PathLabs blood lipid profile test,Healthcare
Railway train ticket booking IRCTC,Transport
Pet store premium dog food kibble,Others
Kindle Unlimited reading subscription,Entertainment
Notary public stamp paper affidavit fee,Others
GRE test official registration ETS,Education
zepto quick delivery,Food
Passport seva online application fee,Others
Uber cab ride to Downtown Office Hub,Transport
Passport seva online application fee,Others
Pizza Hut dinner feast - Ref #97882,Food
Thyrocare full body health checkup package,Healthcare
Live standup comedy show ticket BMS,Entertainment
RAILWAY TRAIN TICKET BOOKING IRCTC,Transport
Gaming arcade gaming card recharge,Entertainment
chaat stall evening snacks,Food
Subway sub and cookies - Ref #40389,Food
Pantaloons jeans and belt,Shopping
Auto rickshaw cash fare,Transport
HOSPITAL EMERGENCY ROOM CARE CHARGES,Healthcare
flipkart big billion days purchase,Shopping
Dr Lal PathLabs blood lipid profile test,Healthcare
HP petrol bunk diesel refill,Transport
ACT Fibernet broadband bill,Bills
Daily fruits and vegetables from Metro Cash & Carry,Food
tutoring center monthly coaching fee,Education
Costa Coffee Cappuccino Tall,Food
Local meat market fresh fish - Ref #77410,Food
POS txn: Swiggy order from Smoke House Deli,Food
Metro smart card recharge,Transport
railway train ticket booking irctc,Transport
Local meat market fresh fish - Ref #22582,Food
School quarterly bus and tuition fee,Education
Puma casual sneakers sale - Ref #64517,Shopping
Research paper IEEE publication fee,Education
Driving license renewal RTO fee,Others
Steam store winter gaming sale PC game - Ref #14721,Entertainment
Dental cleaning and cavity filling clinic - Ref #43068,Healthcare
uniqlo heattech jacket,Shopping
POS txn: Pluralsight annual tech skills subscription,Education
driving license renewal rto fee,Others
Hospital emergency room care charges,Healthcare
school quarterly bus and tuition fee,Education
Speed Post courier parcel shipping charges,Others
TOEFL test registration payment,Education
ACT Fibernet broadband bill,Bills
Zara formal shirt and trousers,Shopping
Apollo Pharmacy prescription medicine,Healthcare
indian oil fuel payment,Transport
Building security and upkeep fund,Bills
HDFC Credit card statement payment,Bills
INSTAMART SNACKS AND DAIRY,Food
Nintendo Switch digital eShop game,Entertainment
Passport seva online application fee,Others
Ayurvedic clinic consultation & herbs,Healthcare
disney+ hotstar super annual plan,Entertainment
IELTS academic English exam fee,Education
Annual bank locker rent charge debit,Others
POS txn: Airport parking ticket fee,Transport
POS txn: Pet clinic veterinarian checkup vaccination,Others
LeetCode annual premium subscription,Education
playstation network plus game subscription,Entertainment
LeetCode annual premium subscription,Education
Orthopedic knee support brace - Ref #48209,Healthcare
Dry cleaning laundry suit & blazer service,Others
Dr Lal PathLabs blood lipid profile test,Healthcare
School quarterly bus and tuition fee,Education
Blue Tokai Espresso Double Shot,Food
Juice bar fresh fruit juice,Food
IELTS academic English exam fee,Education
POS txn: Uber cab ride to Tech Park Electronic City,Transport
Honda two wheeler bike service,Transport
Diagnostic radiology X-ray scan report,Healthcare
Municipal Corporation water utility bill,Bills
JioFiber high speed optical fiber bill,Bills
mcdonald's burger combo meal,Food
University semester academic tuition fee,Education
Flight ticket booking IndiGo Goa GOI,Transport
ICE CREAM PARLOUR BASKIN ROBBINS,Food
PIZZA HUT DINNER FEAST,Food
BOOKSTORE FICTION PAPERBACK NOVEL,Shopping
Chai Point ginger tea snacks,Food
Tailor alteration stitching charges suit - Ref #4284,Others
Star Health Insurance annual premium,Healthcare
DTH Tata Play TV recharge,Bills
EV VEHICLE FAST CHARGING STATION FEE,Transport
Pediatrician child vaccination shot fee,Healthcare
plumber leakage repair bathroom fitting,Others
Rapido bike taxi ride,Transport
Pediatrician child vaccination shot fee,Healthcare
Prescription multivitamins and Omega 3 - Ref #91321,Healthcare
College library annual membership fee,Education
shoppers stop leather wallet,Shopping
TATA POWER RESIDENTIAL ELECTRICITY BILL,Bills
BOWLING ALLEY WEEKEND GAME WITH FRIENDS,Entertainment
ACT Fibernet broadband bill,Bills
Flipkart Big Billion Days purchase - Ref #90494,Shopping
Coursera Machine Learning Specialization subscription,Education
INOX multiplex movie ticket booking,Entertainment
Plumber leakage repair bathroom fitting,Others
uber cab ride to tech park electronic city,Transport
SBI Card monthly settlement,Bills
Ayurvedic clinic consultation & herbs,Healthcare
Coding Ninjas competitive programming course,Education
Airport express metro ticket - Ref #66626,Transport
Bookstore fiction paperback novel,Shopping
decathlon badminton racket and kit,Shopping
Ferry boat ticket ride,Transport
Westside lifestyle casual wear,Shopping
POS txn: Local meat market fresh fish,Food
APPLE STORE IPHONE CASE & MAGSAFE,Shopping
Key maker locksmith urgent home visit - Ref #46126,Others
carpentry repair work service handyman,Others
POS txn: Medplus medicines and first aid,Healthcare
datacamp data science career track pass,Education
CARPENTRY REPAIR WORK SERVICE HANDYMAN,Others
STAR HEALTH INSURANCE ANNUAL PREMIUM,Healthcare
AMAZON PRIME VIDEO ANNUAL RENEWAL,Entertainment
POS txn: Lenskart computer eyeglasses and frame,Shopping
EdX MIT micro-masters certificate fee,Education
HDFC Credit card statement payment,Bills
Blinkit grocery order,Food
POS txn: BPCL petrol pump fuel car,Transport
Blue Dart express courier delivery,Others
key maker locksmith urgent home visit,Others
LeetCode annual premium subscription,Education
Lenskart computer eyeglasses and frame,Shopping
MASTERCLASS ANNUAL STREAMING PASS,Education
home centre curtains and cushions,Shopping
POS txn: Air India flight to Chennai MAA,Transport
POS txn: BookMyShow movie tickets PVR IMAX 3D,Entertainment
Croma electronics laptop bag,Shopping
INOX multiplex movie ticket booking,Entertainment
STAR HEALTH INSURANCE ANNUAL PREMIUM,Healthcare
Subway sub and cookies,Food
Airport express metro ticket,Transport
Croma electronics laptop bag - Ref #83715,Shopping
College library annual membership fee,Education
star health insurance annual premium,Healthcare
stationery supplies notebook pens scientific calculator,Education
Apollo Pharmacy prescription medicine,Healthcare
Juice bar fresh fruit juice,Food
Nintendo Switch digital eShop game,Entertainment
Annual bank locker rent charge debit - Ref #16141,Others
Cafe Coffee Day Hazelnut Cold Brew,Food
dermatologist skin treatment & ointment,Healthcare
Croma electronics laptop bag,Shopping
Rapido bike taxi ride,Transport
Municipal Corporation water utility bill,Bills
Research paper IEEE publication fee,Education
Municipal property tax annual payment - Ref #65120,Bills
Supermarket weekly provisions,Food
1mg online order health supplements,Healthcare
INOX multiplex movie ticket booking,Entertainment
University semester academic tuition fee,Education
College exam fee online portal,Education
Pluralsight annual tech skills subscription,Education
Pluralsight annual tech skills subscription,Education
GROCERY PURCHASE AT RELIANCE SMART,Food
Flower bouquet anniversary surprise delivery,Others
Notary public stamp paper affidavit fee,Others
Masterclass annual streaming pass,Education
BPCL petrol pump fuel car,Transport
hdfc ergo mediclaim health policy payment,Healthcare
EV vehicle fast charging station fee,Transport
POS txn: HDFC Credit card statement payment,Bills
MEDPLUS MEDICINES AND FIRST AID,Healthcare
YouTube Premium student subscription - Ref #97471,Entertainment
POS txn: Udemy Full-Stack Web Development course,Education
College exam fee online portal,Education
BIRYANI POT MEAL BOX BEHROUZ,Food
PVR Cinemas caramel popcorn and beverage,Entertainment
Blue Dart express courier delivery,Others
instamart snacks and dairy,Food
college library annual membership fee,Education
POS txn: 1mg online order health supplements,Healthcare
Bangalore Namma Metro recharge,Transport
POS txn: Dental cleaning and cavity filling clinic,Healthcare
POS txn: Live standup comedy show ticket BMS,Entertainment
donation to pm relief fund / unicef,Others
PlayStation Network Plus game subscription,Entertainment
Ferry boat ticket ride,Transport
Ayurvedic clinic consultation & herbs,Healthcare
Bangalore Namma Metro recharge,Transport
Physiotherapy rehabilitation therapy session,Healthcare
Doctor consultation fee general physician,Healthcare
blue tokai hazelnut cold brew,Food
Municipal Corporation water utility bill,Bills
Pediatrician child vaccination shot fee - Ref #53594,Healthcare
Pizza Hut dinner feast,Food
Dry cleaning laundry suit & blazer service,Others
Dental cleaning and cavity filling clinic,Healthcare
POS txn: PVR Cinemas caramel popcorn and beverage,Entertainment
HOUSE RENT TRANSFER VIA NEFT,Bills
EdX MIT micro-masters certificate fee,Education
POS txn: Masterclass annual streaming pass,Education
Thyrocare full body health checkup package,Healthcare
Dry cleaning laundry suit & blazer service - Ref #59850,Others
Jio mobile postpaid monthly plan,Bills
Jio mobile postpaid monthly plan,Bills
POS txn: Nike running shoes Air Zoom,Shopping
Nintendo Switch digital eShop game,Entertainment
AMAZON PRIME VIDEO ANNUAL RENEWAL,Entertainment
Pizza Hut dinner feast,Food
WESTSIDE LIFESTYLE CASUAL WEAR,Shopping
Petrol refill at Shell station,Transport
YOUTUBE PREMIUM STUDENT SUBSCRIPTION,Entertainment
Uniqlo heattech jacket,Shopping
Airtel mobile postpaid plan recharge,Bills
GRE test official registration ETS,Education
Ola auto ride to Medical Center Hospital,Transport
Adani Gas cylinder booking,Bills
H&M slim fit cotton t-shirt,Shopping
HDFC CREDIT CARD STATEMENT PAYMENT,Bills
AWS Cloud Certified Architect exam voucher,Education
Pediatrician child vaccination shot fee,Healthcare
School quarterly bus and tuition fee,Education
POS txn: Spotify Premium Family music subscription,Entertainment
University semester academic tuition fee,Education
House rent transfer via NEFT - Ref #53589,Bills
Mental wellness therapist counseling session,Healthcare
Lenskart computer eyeglasses and frame,Shopping
Kindle Unlimited reading subscription - Ref #59715,Entertainment
Research paper IEEE publication fee,Education
Diagnostic radiology X-ray scan report - Ref #26947,Healthcare
POS txn: Music concert festival pass,Entertainment
Mental wellness therapist counseling session,Healthcare
POS txn: EdX MIT micro-masters certificate fee,Education
Municipal property tax annual payment,Bills
MYNTRA FASHION SUMMER CLOTHING,Shopping
Prescription multivitamins and Omega 3,Healthcare
BANK DEBIT CARD ANNUAL MAINTENANCE CHARGE,Others
POS txn: Titan quartz wrist watch showroom,Shopping
Flipkart Big Billion Days purchase - Ref #12493,Shopping
Domino's cheese burst pizza order - Ref #36043,Food
1mg online order health supplements,Healthcare
swiggy order from barbeque nation,Food
Titan quartz wrist watch showroom,Shopping
ATM cash withdrawal cash dispensing,Others
haldiram's sweets and thali,Food
Myntra fashion summer clothing,Shopping
adidas training sportswear,Shopping
swiggy order from empire restaurant,Food
Adani Gas cylinder booking,Bills
Nike running shoes Air Zoom,Shopping
POS txn: Lenskart computer eyeglasses and frame,Shopping
Research paper IEEE publication fee,Education
organic farmers market vegetables,Food
hdfc ergo mediclaim health policy payment,Healthcare
STAR HEALTH INSURANCE ANNUAL PREMIUM,Healthcare
Bicycle repair and tire puncture - Ref #39625,Transport
netmeds pharmacy home delivery,Healthcare
HP PETROL BUNK DIESEL REFILL,Transport
steam store winter gaming sale pc game,Entertainment
atm cash withdrawal cash dispensing,Others
Zepto quick delivery,Food
Nintendo Switch digital eShop game,Entertainment
diagnostic radiology x-ray scan report,Healthcare
Disney+ Hotstar Super annual plan - Ref #95147,Entertainment
Bangalore Namma Metro recharge,Transport
POS txn: Ferry boat ticket ride,Transport
SPOTIFY PREMIUM FAMILY MUSIC SUBSCRIPTION,Entertainment
AMAZON PRIME VIDEO ANNUAL RENEWAL,Entertainment
electricity bill payment bescom,Bills
Apartment maintenance society dues,Bills
BOOKMYSHOW MOVIE TICKETS PVR IMAX 3D,Entertainment
Amazon Prime Video annual renewal,Entertainment
Audible audiobooks monthly credit,Entertainment
POS txn: Flipkart Big Billion Days purchase,Shopping
tutoring center monthly coaching fee,Education
PVR CINEMAS CARAMEL POPCORN AND BEVERAGE,Entertainment
LEETCODE ANNUAL PREMIUM SUBSCRIPTION,Education
CHARITY DONATION LOCAL ANIMAL SHELTER,Others
Croma electronics laptop bag,Shopping
DATACAMP DATA SCIENCE CAREER TRACK PASS,Education
waste management & recycling collection fee,Bills
Cafe Coffee Day Americano Hot,Food
HP petrol bunk diesel refill,Transport
jio mobile postpaid monthly plan,Bills
Driving license renewal RTO fee,Others
Municipal Corporation water utility bill,Bills
Blinkit grocery order,Food
Airtel mobile postpaid plan recharge,Bills
Research paper IEEE publication fee,Education
Zomato delivery from Truffles,Food
thyrocare full body health checkup package,Healthcare
Dunkin Donuts box of 6,Food
Petrol refill at Shell station,Transport
udemy full-stack web development course,Education
Bookstore fiction paperback novel,Shopping
redbus interstate bus booking,Transport
POS txn: GRE test official registration ETS,Education
Research paper IEEE publication fee,Education
Thyrocare full body health checkup package - Ref #79329,Healthcare
airtel digital tv subscription recharge,Bills
Physiotherapy rehabilitation therapy session,Healthcare
Amazon India online electronics order,Shopping
Gaming arcade gaming card recharge,Entertainment
Biryani pot meal box Behrouz,Food
Nike running shoes Air Zoom,Shopping
THYROCARE FULL BODY HEALTH CHECKUP PACKAGE,Healthcare
lunch at empire restaurant,Food
POS txn: Airtel Digital TV subscription recharge,Bills
Reliance Digital wireless earbuds,Shopping
MEDPLUS MEDICINES AND FIRST AID,Healthcare
POS txn: Dinner with team at Olive Bistro,Food
Bookstore fiction paperback novel,Shopping
Adani Gas cylinder booking,Bills
Municipal Corporation water utility bill,Bills
ELECTRICITY BILL PAYMENT BESCOM,Bills
h&m slim fit cotton t-shirt,Shopping
Pet store premium dog food kibble,Others
House rent transfer via NEFT,Bills
PVR Cinemas caramel popcorn and beverage,Entertainment
Nykaa cosmetics skincare serum,Shopping
PANTALOONS JEANS AND BELT,Shopping
TECHNICAL TEXTBOOKS BOOKSTORE PURCHASE,Education
netmeds pharmacy home delivery,Healthcare
POS txn: Blue Dart express courier delivery,Others
nintendo switch digital eshop game,Entertainment
POS txn: Reliance Digital wireless earbuds,Shopping
Cafe Coffee Day Mocha Frappuccino,Food
notary public stamp paper affidavit fee,Others
Medplus medicines and first aid,Healthcare
pantaloons jeans and belt,Shopping
Steam store winter gaming sale PC game - Ref #31888,Entertainment
PVR Cinemas caramel popcorn and beverage - Ref #98628,Entertainment
DERMATOLOGIST SKIN TREATMENT & OINTMENT,Healthcare
ikea furniture study desk chair,Shopping
Hospital emergency room care charges,Healthcare
Spotify Premium Family music subscription,Entertainment
supermarket weekly provisions,Food
Adani Electricity monthly bill,Bills
Adani Gas cylinder booking,Bills
BPCL petrol pump fuel car,Transport
Charity donation local animal shelter - Ref #5577,Others
dermatologist skin treatment & ointment,Healthcare
Auto rickshaw cash fare,Transport
Speed Post courier parcel shipping charges,Others
Notary public stamp paper affidavit fee,Others
SUPERMARKET WEEKLY PROVISIONS,Food
Municipal property tax annual payment,Bills
Board game club entry fee,Entertainment
Driving license renewal RTO fee,Others
Myntra fashion summer clothing,Shopping
physiotherapy rehabilitation therapy session,Healthcare
POS txn: IKEA furniture study desk chair,Shopping
music concert festival pass,Entertainment
House rent transfer via NEFT - Ref #95893,Bills
School quarterly bus and tuition fee,Education
Bowling alley weekend game with friends,Entertainment
starbucks hazelnut cold brew,Food
College library annual membership fee,Education
IELTS academic English exam fee,Education
delhi metro token recharge,Transport
MEDPLUS MEDICINES AND FIRST AID,Healthcare
Auto rickshaw cash fare,Transport
nintendo switch digital eshop game,Entertainment
BOOKMYSHOW MOVIE TICKETS PVR IMAX 3D,Entertainment
Dental cleaning and cavity filling clinic,Healthcare
Carpentry repair work service handyman,Others
ACT Fibernet broadband bill - Ref #74810,Bills
HDFC Credit card statement payment,Bills
SPEED POST COURIER PARCEL SHIPPING CHARGES,Others
Audible audiobooks monthly credit,Entertainment
Flower bouquet anniversary surprise delivery - Ref #67421,Others
Masterclass annual streaming pass,Education
Electricity bill payment BESCOM - Ref #72158,Bills
fastag highway toll recharge,Transport
POS txn: Kindle Unlimited reading subscription,Entertainment
HP petrol bunk diesel refill,Transport
Apollo Pharmacy prescription medicine,Healthcare
PVR Cinemas caramel popcorn and beverage,Entertainment
airtel xstream broadband internet bill,Bills
Jio mobile postpaid monthly plan,Bills
Nike running shoes Air Zoom,Shopping
Zara formal shirt and trousers,Shopping
Key maker locksmith urgent home visit,Others
University semester academic tuition fee,Education
bowling alley weekend game with friends,Entertainment
Notary public stamp paper affidavit fee,Others
Adani Gas cylinder booking,Bills
Amazon Prime Video annual renewal,Entertainment
myntra fashion summer clothing,Shopping
POS txn: Municipal Corporation water utility bill,Bills
Mental wellness therapist counseling session,Healthcare
dr lal pathlabs blood lipid profile test,Healthcare
KFC chicken bucket meal,Food
Apartment maintenance society dues,Bills
Blue Dart express courier delivery,Others
Pediatrician child vaccination shot fee,Healthcare
YOUTUBE PREMIUM STUDENT SUBSCRIPTION,Entertainment
Puma casual sneakers sale,Shopping
Blue Dart express courier delivery,Others
biryani pot meal box behrouz,Food
ferry boat ticket ride,Transport
Steam store winter gaming sale PC game,Entertainment
pluralsight annual tech skills subscription,Education
blue dart express courier delivery,Others
FASTag highway toll recharge,Transport
steam store winter gaming sale pc game,Entertainment
Bookstore fiction paperback novel,Shopping
Municipal Corporation water utility bill,Bills
Petrol refill at Shell station,Transport
Airtel Xstream broadband internet bill,Bills
Monthly city bus pass pass renewal,Transport
Metro smart card recharge,Transport
Vi Vodafone Idea monthly bill,Bills
bicycle repair and tire puncture,Transport
POS txn: Amazon India online electronics order,Shopping
Starbucks Caramel Macchiato,Food
McDonald's burger combo meal,Food
Municipal Corporation water utility bill,Bills
1MG ONLINE ORDER HEALTH SUPPLEMENTS,Healthcare
POS txn: HDFC ERGO Mediclaim health policy payment,Healthcare
AMUSEMENT PARK THEME PARK ENTRY PASS,Entertainment
Passport seva online application fee,Others
Speed Post courier parcel shipping charges,Others
THYROCARE FULL BODY HEALTH CHECKUP PACKAGE,Healthcare
Masterclass annual streaming pass - Ref #95372,Education
POS txn: Blue Dart express courier delivery,Others
Speed Post courier parcel shipping charges,Others
Pet clinic veterinarian checkup vaccination,Others
youtube premium student subscription,Entertainment
Airtel Xstream broadband internet bill,Bills
Apollo Pharmacy prescription medicine,Healthcare
Electricity bill payment BESCOM,Bills
kindle unlimited reading subscription,Entertainment
POS txn: Uniqlo heattech jacket,Shopping
flipkart big billion days purchase,Shopping
INOX multiplex movie ticket booking,Entertainment
Eye checkup and optometrist consultation,Healthcare
lunch at pizza bakery,Food
redBus interstate bus booking,Transport
Driving license renewal RTO fee,Others
Decathlon badminton racket and kit,Shopping
Monthly city bus pass pass renewal,Transport
Thyrocare full body health checkup package,Healthcare
Electricity bill payment BESCOM,Bills
masterclass annual streaming pass,Education
pluralsight annual tech skills subscription,Education
Reliance Digital wireless earbuds,Shopping
Donation to PM Relief Fund / UNICEF,Others
POS txn: Donation to PM Relief Fund / UNICEF,Others
Pet clinic veterinarian checkup vaccination,Others
Gifting greeting card and luxury gift box,Others
Diagnostic radiology X-ray scan report,Healthcare
LeetCode annual premium subscription,Education
Stationery supplies notebook pens scientific calculator - Ref #26968,Education
Piped natural gas IGL monthly bill,Bills
POS txn: Adidas training sportswear,Shopping
POS txn: Music concert festival pass,Entertainment
Orthopedic knee support brace,Healthcare
Supermarket weekly provisions,Food
Donation to PM Relief Fund / UNICEF - Ref #44869,Others
plumber leakage repair bathroom fitting,Others
HOME CENTRE CURTAINS AND CUSHIONS,Shopping
POS txn: Metro smart card recharge,Transport
PET CLINIC VETERINARIAN CHECKUP VACCINATION,Others
Amusement park theme park entry pass,Entertainment
Ola auto ride to Tech Park Electronic City,Transport
Apple Music monthly individual subscription,Entertainment
Car wash and detailing spa service,Others
Municipal Corporation water utility bill,Bills
NOTARY PUBLIC STAMP PAPER AFFIDAVIT FEE,Others
medplus medicines and first aid,Healthcare
Indian Oil fuel payment,Transport
Board game club entry fee,Entertainment
POS txn: Dr Lal PathLabs blood lipid profile test,Healthcare
HDFC Credit card statement payment,Bills
JioFiber high speed optical fiber bill,Bills
POS txn: Nintendo Switch digital eShop game,Entertainment
Udemy Full-Stack Web Development course,Education
POS txn: Jio mobile postpaid monthly plan,Bills
Flipkart Big Billion Days purchase,Shopping
JioFiber high speed optical fiber bill,Bills
POS txn: Piped natural gas IGL monthly bill,Bills
AIRTEL XSTREAM BROADBAND INTERNET BILL,Bills
Diagnostic radiology X-ray scan report,Healthcare
AIR INDIA FLIGHT TO PUNE PNQ,Transport
ACT Fibernet broadband bill - Ref #61747,Bills
POS txn: Biryani pot meal box Behrouz,Food
BLINKIT GROCERY ORDER,Food
Zara formal shirt and trousers,Shopping
datacamp data science career track pass,Education
Ola auto ride to Shopping Promenade Mall,Transport
Notary public stamp paper affidavit fee,Others
University semester academic tuition fee,Education
POS txn: Nintendo Switch digital eShop game,Entertainment
DataCamp Data Science career track pass - Ref #60773,Education
Flower bouquet anniversary surprise delivery,Others
POS txn: DTH Tata Play TV recharge,Bills
Music concert festival pass,Entertainment
piped natural gas igl monthly bill,Bills
KFC CHICKEN BUCKET MEAL,Food
Blinkit grocery order,Food
Apollo Pharmacy prescription medicine,Healthcare
Masterclass annual streaming pass,Education
FASTag highway toll recharge - Ref #26605,Transport
kindle unlimited reading subscription,Entertainment
Costa Coffee Americano Hot - Ref #77225,Food
Orthopedic knee support brace - Ref #23274,Healthcare
POS txn: Apartment maintenance society dues,Bills
Rapido bike taxi ride,Transport
POS txn: ACT Fibernet broadband bill,Bills
POS txn: Pet clinic veterinarian checkup vaccination,Others
POS txn: HDFC ERGO Mediclaim health policy payment,Healthcare
Amazon India online electronics order,Shopping
speed post courier parcel shipping charges,Others
Blue Tokai Vanilla Sweet Cream,Food
Vi Vodafone Idea monthly bill,Bills
Delhi Metro token recharge,Transport
Organic farmers market vegetables,Food
steam store winter gaming sale pc game,Entertainment
H&M slim fit cotton t-shirt,Shopping
Home Centre curtains and cushions,Shopping
Nike running shoes Air Zoom,Shopping
orthopedic knee support brace,Healthcare
petrol refill at shell station,Transport
Uniqlo heattech jacket,Shopping
playstation network plus game subscription,Entertainment
POS txn: Medplus medicines and first aid,Healthcare
ayurvedic clinic consultation & herbs,Healthcare
APOLLO PHARMACY PRESCRIPTION MEDICINE,Healthcare
Pet store premium dog food kibble,Others
POS txn: Instamart snacks and dairy,Food
Adidas training sportswear,Shopping
physiotherapy rehabilitation therapy session,Healthcare
College library annual membership fee - Ref #18157,Education
Speed Post courier parcel shipping charges,Others
Disney+ Hotstar Super annual plan,Entertainment
Daily fruits and vegetables from Nature's Basket,Food
Chai Point ginger tea snacks,Food
Gifting greeting card and luxury gift box,Others
Thyrocare full body health checkup package,Healthcare
Orthopedic knee support brace - Ref #79486,Healthcare
Airtel mobile postpaid plan recharge,Bills
POS txn: Piped natural gas IGL monthly bill,Bills
Technical textbooks bookstore purchase,Education
Stationery supplies notebook pens scientific calculator,Education
Dermatologist skin treatment & ointment,Healthcare
Annual bank locker rent charge debit,Others
Airport parking ticket fee,Transport
Hospital emergency room care charges,Healthcare
EV vehicle fast charging station fee - Ref #43439,Transport
Airport express metro ticket - Ref #89934,Transport
HDFC Credit card statement payment,Bills
key maker locksmith urgent home visit,Others
Puma casual sneakers sale,Shopping
Airtel mobile postpaid plan recharge - Ref #17037,Bills
POS txn: Vi Vodafone Idea monthly bill,Bills
Nintendo Switch digital eShop game - Ref #95535,Entertainment
sbi card monthly settlement,Bills
datacamp data science career track pass,Education
instamart snacks and dairy,Food
Indian Oil fuel payment,Transport
bookmyshow movie tickets pvr imax 3d,Entertainment
Board game club entry fee,Entertainment
POS txn: AWS Cloud Certified Architect exam voucher,Education
SPEED POST COURIER PARCEL SHIPPING CHARGES,Others
McDonald's burger combo meal,Food
1mg online order health supplements,Healthcare
POS txn: HDFC Credit card statement payment,Bills
Speed Post courier parcel shipping charges,Others
Dr Lal PathLabs blood lipid profile test,Healthcare
POS txn: Dental cleaning and cavity filling clinic,Healthcare
Blue Dart express courier delivery,Others
JIO MOBILE POSTPAID MONTHLY PLAN,Bills
Pet store premium dog food kibble - Ref #34620,Others
apollo pharmacy prescription medicine,Healthcare
myntra fashion summer clothing,Shopping
amusement park theme park entry pass,Entertainment
Nykaa cosmetics skincare serum,Shopping
Electricity bill payment BESCOM,Bills
Annual bank locker rent charge debit,Others
hospital emergency room care charges,Healthcare
Doctor consultation fee general physician - Ref #18281,Healthcare
pvr cinemas caramel popcorn and beverage,Entertainment
Pantaloons jeans and belt - Ref #97981,Shopping
DataCamp Data Science career track pass,Education
Flipkart Big Billion Days purchase,Shopping
Doctor consultation fee general physician - Ref #57713,Healthcare
carpentry repair work service handyman,Others
college library annual membership fee,Education
Indian Oil fuel payment - Ref #53703,Transport
Uniqlo heattech jacket,Shopping
Swiggy order from Bawarchi Biryani,Food
Passport seva online application fee,Others
Subway sub and cookies,Food
PlayStation Network Plus game subscription,Entertainment
POS txn: Municipal Corporation water utility bill,Bills
petrol refill at shell station,Transport
Municipal property tax annual payment,Bills
uniqlo heattech jacket,Shopping
sbi card monthly settlement,Bills
Bowling alley weekend game with friends - Ref #61822,Entertainment
Dental cleaning and cavity filling clinic,Healthcare
BANK DEBIT CARD ANNUAL MAINTENANCE CHARGE,Others
Masterclass annual streaming pass - Ref #19289,Education
DTH Tata Play TV recharge,Bills
amazon prime video annual renewal,Entertainment
Grocery purchase at Star Bazaar,Food
HP petrol bunk diesel refill,Transport
PASSPORT SEVA ONLINE APPLICATION FEE,Others
board game club entry fee,Entertainment
kindle unlimited reading subscription,Entertainment
Bangalore Namma Metro recharge,Transport
Croma electronics laptop bag,Shopping
Grocery purchase at D-Mart Supermarket - Ref #2285,Food
POS txn: Adani Electricity monthly bill,Bills
School quarterly bus and tuition fee,Education
coding ninjas competitive programming course,Education
Netflix monthly 4K UHD streaming subscription,Entertainment
AMUSEMENT PARK THEME PARK ENTRY PASS,Entertainment
Dr Lal PathLabs blood lipid profile test,Healthcare
Zara formal shirt and trousers,Shopping
POS txn: Ferry boat ticket ride,Transport
Jio mobile postpaid monthly plan,Bills
DUNKIN DONUTS BOX OF 6,Food
Diagnostic radiology X-ray scan report - Ref #46515,Healthcare
FERRY BOAT TICKET RIDE,Transport
Ayurvedic clinic consultation & herbs - Ref #19055,Healthcare
Rapido bike taxi ride,Transport
University semester academic tuition fee,Education
Ice cream parlour Baskin Robbins,Food
Mental wellness therapist counseling session,Healthcare
Dental cleaning and cavity filling clinic,Healthcare
Bank debit card annual maintenance charge - Ref #72675,Others
FASTag highway toll recharge,Transport
Home Centre curtains and cushions,Shopping
Shoppers Stop leather wallet,Shopping
chaat stall evening snacks,Food
Prescription multivitamins and Omega 3,Healthcare
Blinkit grocery order,Food
Grocery purchase at D-Mart Supermarket,Food
hospital emergency room care charges,Healthcare
ATM cash withdrawal cash dispensing,Others
Notary public stamp paper affidavit fee,Others
Building security and upkeep fund - Ref #45726,Bills
Amazon India online electronics order - Ref #38077,Shopping
GROCERY PURCHASE AT RELIANCE SMART,Food
Plumber leakage repair bathroom fitting,Others
YouTube Premium student subscription,Entertainment
Blue Dart express courier delivery,Others
Pet clinic veterinarian checkup vaccination,Others
POS txn: Prescription multivitamins and Omega 3,Healthcare
Research paper IEEE publication fee,Education
POS txn: Dinner with team at Smoke House Deli,Food
Key maker locksmith urgent home visit,Others
INOX multiplex movie ticket booking,Entertainment
pvr cinemas caramel popcorn and beverage,Entertainment
Municipal property tax annual payment,Bills
Croma electronics laptop bag,Shopping
donation to pm relief fund / unicef,Others
YouTube Premium student subscription,Entertainment
nintendo switch digital eshop game,Entertainment
POS txn: SBI Card monthly settlement,Bills
Electricity bill payment BESCOM,Bills
car wash and detailing spa service,Others
Zepto quick delivery,Food
POS txn: Nike running shoes Air Zoom,Shopping
Westside lifestyle casual wear - Ref #21828,Shopping
airport parking ticket fee,Transport
Tutoring center monthly coaching fee,Education
POS txn: Gifting greeting card and luxury gift box,Others
Speed Post courier parcel shipping charges,Others
Apple Music monthly individual subscription,Entertainment
Eye checkup and optometrist consultation,Healthcare
Chaat stall evening snacks,Food
LENSKART COMPUTER EYEGLASSES AND FRAME,Shopping
AUDIBLE AUDIOBOOKS MONTHLY CREDIT,Entertainment
thyrocare full body health checkup package,Healthcare
Bangalore Namma Metro recharge - Ref #59049,Transport
INOX multiplex movie ticket booking,Entertainment
Masterclass annual streaming pass,Education
BPCL petrol pump fuel car - Ref #59786,Transport
Netmeds pharmacy home delivery,Healthcare
PlayStation Network Plus game subscription,Entertainment
Coursera Machine Learning Specialization subscription,Education
disney+ hotstar super annual plan,Entertainment
Honda two wheeler bike service,Transport
coding ninjas competitive programming course,Education
Udemy Full-Stack Web Development course,Education
Monthly city bus pass pass renewal,Transport
Blue Dart express courier delivery,Others
Zara formal shirt and trousers - Ref #20085,Shopping
ATM cash withdrawal cash dispensing,Others
Carpentry repair work service handyman,Others
hospital emergency room care charges,Healthcare
Building security and upkeep fund,Bills
Blue Dart express courier delivery,Others
Coursera Machine Learning Specialization subscription,Education
DR LAL PATHLABS BLOOD LIPID PROFILE TEST,Healthcare
Speed Post courier parcel shipping charges - Ref #80421,Others
Amazon Prime Video annual renewal,Entertainment
Ola auto ride to University Campus Gate,Transport
Waste management & recycling collection fee - Ref #48211,Bills
decathlon badminton racket and kit,Shopping
Amusement park theme park entry pass,Entertainment
Organic farmers market vegetables,Food
Puma casual sneakers sale,Shopping
indian oil fuel payment,Transport
DTH Tata Play TV recharge,Bills
key maker locksmith urgent home visit,Others
Coursera Machine Learning Specialization subscription,Education
Organic farmers market vegetables,Food
Pluralsight annual tech skills subscription,Education
POS txn: Vi Vodafone Idea monthly bill,Bills
POS txn: Decathlon badminton racket and kit,Shopping
speed post courier parcel shipping charges,Others
Music concert festival pass,Entertainment
EV vehicle fast charging station fee,Transport
Carpentry repair work service handyman,Others
BOARD GAME CLUB ENTRY FEE,Entertainment
POS txn: JioFiber high speed optical fiber bill,Bills
Uniqlo heattech jacket,Shopping
Shoppers Stop leather wallet,Shopping
Airtel Digital TV subscription recharge,Bills
research paper ieee publication fee,Education
IELTS ACADEMIC ENGLISH EXAM FEE,Education
Chai Point ginger tea snacks,Food
SPEED POST COURIER PARCEL SHIPPING CHARGES,Others
building security and upkeep fund,Bills
Car wash and detailing spa service,Others
H&M slim fit cotton t-shirt,Shopping
DRIVING LICENSE RENEWAL RTO FEE,Others
Uber cab ride to Home Sweet Home,Transport
Pediatrician child vaccination shot fee,Healthcare
POS txn: Passport seva online application fee,Others
Piped natural gas IGL monthly bill - Ref #77734,Bills
instamart snacks and dairy,Food
IKEA furniture study desk chair,Shopping
POS txn: LeetCode annual premium subscription,Education
1mg online order health supplements,Healthcare
Coursera Machine Learning Specialization subscription,Education
Blinkit grocery order,Food
HDFC ERGO Mediclaim health policy payment,Healthcare
Ayurvedic clinic consultation & herbs,Healthcare
Passport seva online application fee,Others
Zara formal shirt and trousers,Shopping
EV vehicle fast charging station fee,Transport
uniqlo heattech jacket,Shopping
Subway sub and cookies,Food
Dr Lal PathLabs blood lipid profile test,Healthcare
LeetCode annual premium subscription,Education
DOMINO'S CHEESE BURST PIZZA ORDER,Food
POS txn: Railway train ticket booking IRCTC,Transport
DTH Tata Play TV recharge - Ref #33007,Bills
Biryani pot meal box Behrouz,Food
Tutoring center monthly coaching fee,Education
1mg online order health supplements,Healthcare
Tutoring center monthly coaching fee - Ref #86718,Education
Doctor consultation fee general physician,Healthcare
DataCamp Data Science career track pass,Education
EV vehicle fast charging station fee,Transport
Air India flight to Goa GOI,Transport
plumber leakage repair bathroom fitting,Others
Udemy Full-Stack Web Development course,Education
ferry boat ticket ride,Transport
Chai Point ginger tea snacks,Food
PVR Cinemas caramel popcorn and beverage,Entertainment
Zara formal shirt and trousers,Shopping
Cafe Coffee Day Vanilla Sweet Cream,Food
Bakery fresh artisan bread & pastry,Food
DENTAL CLEANING AND CAVITY FILLING CLINIC,Healthcare
POS txn: Stationery supplies notebook pens scientific calculator,Education
hdfc credit card statement payment,Bills
Local meat market fresh fish,Food
BANGALORE NAMMA METRO RECHARGE,Transport
TOEFL test registration payment - Ref #91280,Education
puma casual sneakers sale,Shopping
Juice bar fresh fruit juice,Food
car wash and detailing spa service,Others
Zara formal shirt and trousers,Shopping
Tutoring center monthly coaching fee,Education
IKEA furniture study desk chair,Shopping
flight ticket booking indigo hyderabad hyd,Transport
ICICI Bank credit card bill payment,Bills
BookMyShow movie tickets PVR IMAX 3D,Entertainment
BPCL petrol pump fuel car,Transport
INOX multiplex movie ticket booking,Entertainment
Haldiram's sweets and thali,Food
apple music monthly individual subscription,Entertainment
GRE test official registration ETS,Education
Netmeds pharmacy home delivery,Healthcare
Bakery fresh artisan bread & pastry,Food
LEETCODE ANNUAL PREMIUM SUBSCRIPTION,Education
POS txn: Pluralsight annual tech skills subscription,Education
Amusement park theme park entry pass,Entertainment
POS txn: Myntra fashion summer clothing,Shopping
board game club entry fee,Entertainment
Bookstore fiction paperback novel,Shopping
POS txn: INOX multiplex movie ticket booking,Entertainment
DONATION TO PM RELIEF FUND / UNICEF,Others
Pizza Hut dinner feast,Food
LeetCode annual premium subscription,Education
donation to pm relief fund / unicef,Others
Apple Store iPhone case & magsafe,Shopping
POS txn: Domino's cheese burst pizza order,Food
Grocery purchase at D-Mart Supermarket,Food
POS txn: Lunch at Toit Brewery,Food
Chai Point ginger tea snacks,Food
Masterclass annual streaming pass,Education
Amusement park theme park entry pass,Entertainment
POS txn: Waste management & recycling collection fee,Bills
"MILK, EGGS, AND BREAD DELIVERY FROM OTPY SUPERSTORE",Food
STEAM STORE WINTER GAMING SALE PC GAME,Entertainment
Uniqlo heattech jacket,Shopping
Biryani pot meal box Behrouz,Food
JioFiber high speed optical fiber bill,Bills
TOEFL test registration payment,Education
POS txn: BookMyShow movie tickets PVR IMAX 3D,Entertainment
Decathlon badminton racket and kit,Shopping
Coding Ninjas competitive programming course,Education
Flower bouquet anniversary surprise delivery,Others
Westside lifestyle casual wear - Ref #3545,Shopping
dr lal pathlabs blood lipid profile test,Healthcare
Biryani pot meal box Behrouz,Food
HDFC ERGO Mediclaim health policy payment,Healthcare
DataCamp Data Science career track pass - Ref #84105,Education
TOEFL test registration payment,Education
Bookstore fiction paperback novel - Ref #32192,Shopping
inox multiplex movie ticket booking,Entertainment
Vi Vodafone Idea monthly bill,Bills
Shoppers Stop leather wallet,Shopping
college exam fee online portal,Education
"Milk, eggs, and bread delivery from Otpy Superstore",Food
Haldiram's sweets and thali,Food
ATM cash withdrawal cash dispensing,Others
POS txn: Mental wellness therapist counseling session,Healthcare
POS txn: ATM cash withdrawal cash dispensing,Others
POS txn: Municipal property tax annual payment,Bills
Plumber leakage repair bathroom fitting,Others
AUTO RICKSHAW CASH FARE,Transport
Honda two wheeler bike service,Transport
Amusement park theme park entry pass,Entertainment
Airtel Digital TV subscription recharge,Bills
POS txn: House rent transfer via NEFT,Bills
Sephora perfume and makeup - Ref #98195,Shopping
PVR Cinemas caramel popcorn and beverage,Entertainment
Blinkit grocery order,Food
Bangalore Namma Metro recharge,Transport
EV vehicle fast charging station fee,Transport
Research paper IEEE publication fee,Education
Gaming arcade gaming card recharge - Ref #79801,Entertainment
Adani Electricity monthly bill,Bills
organic farmers market vegetables,Food
BLINKIT GROCERY ORDER,Food
Amazon India online electronics order,Shopping
Instamart snacks and dairy,Food
AWS Cloud Certified Architect exam voucher,Education
DECATHLON BADMINTON RACKET AND KIT,Shopping
McDonald's burger combo meal,Food
Zepto quick delivery,Food
Plumber leakage repair bathroom fitting,Others
Railway train ticket booking IRCTC,Transport
POS txn: Key maker locksmith urgent home visit,Others
Hospital emergency room care charges,Healthcare
amazon india online electronics order,Shopping
BPCL petrol pump fuel car - Ref #47405,Transport
FASTag highway toll recharge,Transport
House rent transfer via NEFT - Ref #10474,Bills
Haldiram's sweets and thali,Food
Bakery fresh artisan bread & pastry,Food
Music concert festival pass,Entertainment
Reliance Digital wireless earbuds,Shopping
POS txn: Chaat stall evening snacks,Food
Myntra fashion summer clothing - Ref #21899,Shopping
NETMEDS PHARMACY HOME DELIVERY,Healthcare
Uniqlo heattech jacket,Shopping
Amazon India online electronics order,Shopping
Railway train ticket booking IRCTC,Transport
Pediatrician child vaccination shot fee,Healthcare
Piped natural gas IGL monthly bill,Bills
Blue Dart express courier delivery,Others
Hospital emergency room care charges - Ref #41334,Healthcare
NYKAA COSMETICS SKINCARE SERUM,Shopping
College exam fee online portal,Education
EDX MIT MICRO-MASTERS CERTIFICATE FEE,Education
ikea furniture study desk chair,Shopping
Apple Store iPhone case & magsafe,Shopping
Dental cleaning and cavity filling clinic,Healthcare
Thyrocare full body health checkup package - Ref #9895,Healthcare
Passport seva online application fee - Ref #9560,Others
Petrol refill at Shell station - Ref #57866,Transport
Airtel mobile postpaid plan recharge,Bills
EdX MIT micro-masters certificate fee,Education
Music concert festival pass,Entertainment
Zepto quick delivery,Food
Thyrocare full body health checkup package,Healthcare
HDFC ERGO Mediclaim health policy payment,Healthcare
Ferry boat ticket ride,Transport
Apartment maintenance society dues,Bills
Uber cab ride to Shopping Promenade Mall - Ref #91105,Transport
POS txn: Swiggy order from Cafe Mocha,Food
DTH Tata Play TV recharge,Bills
Monthly city bus pass pass renewal,Transport
Mental wellness therapist counseling session,Healthcare
KFC chicken bucket meal,Food
pet store premium dog food kibble,Others
POS txn: Ola auto ride to Home Sweet Home,Transport
POS txn: FASTag highway toll recharge,Transport
PVR Cinemas caramel popcorn and beverage,Entertainment
Technical textbooks bookstore purchase,Education
POS txn: ATM cash withdrawal cash dispensing,Others
Bangalore Namma Metro recharge,Transport
CHAI POINT GINGER TEA SNACKS,Food
IKEA furniture study desk chair,Shopping
uniqlo heattech jacket,Shopping
Orthopedic knee support brace,Healthcare
Sephora perfume and makeup,Shopping
POS txn: Juice bar fresh fruit juice,Food
Nykaa cosmetics skincare serum - Ref #44792,Shopping
diagnostic radiology x-ray scan report,Healthcare
udemy full-stack web development course,Education
IKEA FURNITURE STUDY DESK CHAIR,Shopping
FERRY BOAT TICKET RIDE,Transport
TATA POWER RESIDENTIAL ELECTRICITY BILL,Bills
College library annual membership fee,Education
Swiggy order from Truffles,Food
nike running shoes air zoom,Shopping
"MILK, EGGS, AND BREAD DELIVERY FROM MILKBASKET",Food
apple music monthly individual subscription,Entertainment
Ferry boat ticket ride,Transport
PlayStation Network Plus game subscription,Entertainment
Disney+ Hotstar Super annual plan,Entertainment
Grocery purchase at Spencers Supermarket,Food
hdfc credit card statement payment,Bills
dermatologist skin treatment & ointment,Healthcare
Nike running shoes Air Zoom,Shopping
H&M slim fit cotton t-shirt,Shopping
pet clinic veterinarian checkup vaccination,Others
1mg online order health supplements,Healthcare
Coursera Machine Learning Specialization subscription,Education
POS txn: Pet store premium dog food kibble,Others
h&m slim fit cotton t-shirt,Shopping
POS txn: Blue Dart express courier delivery,Others
PASSPORT SEVA ONLINE APPLICATION FEE,Others
Dry cleaning laundry suit & blazer service,Others
Delhi Metro token recharge,Transport
ADIDAS TRAINING SPORTSWEAR,Shopping
"Milk, eggs, and bread delivery from Country Delight - Ref #66466",Food
Instamart snacks and dairy - Ref #63928,Food
Pluralsight annual tech skills subscription - Ref #16312,Education
Adani Gas cylinder booking,Bills
Ice cream parlour Baskin Robbins,Food
Piped natural gas IGL monthly bill,Bills
YouTube Premium student subscription - Ref #2951,Entertainment
Amazon India online electronics order,Shopping
Tutoring center monthly coaching fee,Education
Dermatologist skin treatment & ointment,Healthcare
Research paper IEEE publication fee,Education
Masterclass annual streaming pass,Education
Stationery supplies notebook pens scientific calculator,Education
HP petrol bunk diesel refill,Transport
ZARA FORMAL SHIRT AND TROUSERS,Shopping
Westside lifestyle casual wear,Shopping
Donation to PM Relief Fund / UNICEF,Others
Adidas training sportswear,Shopping
Zepto quick delivery,Food
POS txn: Titan quartz wrist watch showroom,Shopping
nintendo switch digital eshop game,Entertainment
PlayStation Network Plus game subscription,Entertainment
POS txn: Tata Power residential electricity bill,Bills
POS txn: Passport seva online application fee,Others
Charity donation local animal shelter,Others
Dr Lal PathLabs blood lipid profile test,Healthcare
Thyrocare full body health checkup package,Healthcare
Amazon India online electronics order - Ref #20245,Shopping
POS txn: Waste management & recycling collection fee,Bills
College library annual membership fee,Education
Reliance Digital wireless earbuds - Ref #72707,Shopping
NYKAA COSMETICS SKINCARE SERUM,Shopping
Speed Post courier parcel shipping charges,Others
Airtel Digital TV subscription recharge,Bills
Charity donation local animal shelter,Others
Auto rickshaw cash fare,Transport
Dry cleaning laundry suit & blazer service,Others
Eye checkup and optometrist consultation,Healthcare
Apollo Pharmacy prescription medicine,Healthcare
INOX multiplex movie ticket booking,Entertainment
GRE test official registration ETS,Education
BookMyShow movie tickets PVR IMAX 3D,Entertainment
Bangalore Namma Metro recharge,Transport
PIPED NATURAL GAS IGL MONTHLY BILL,Bills
apple store iphone case & magsafe,Shopping
Apple Music monthly individual subscription,Entertainment
Nintendo Switch digital eShop game,Entertainment
netmeds pharmacy home delivery,Healthcare
Domino's cheese burst pizza order,Food
apartment maintenance society dues,Bills
College library annual membership fee,Education
Rapido bike taxi ride,Transport
Croma electronics laptop bag,Shopping
Bakery fresh artisan bread & pastry - Ref #55325,Food
Ayurvedic clinic consultation & herbs,Healthcare
Municipal Corporation water utility bill - Ref #44281,Bills
Gaming arcade gaming card recharge,Entertainment
Airtel mobile postpaid plan recharge,Bills
POS txn: HDFC Credit card statement payment,Bills
Westside lifestyle casual wear - Ref #35887,Shopping
BPCL petrol pump fuel car,Transport
Piped natural gas IGL monthly bill,Bills
BPCL petrol pump fuel car,Transport
POS txn: Tutoring center monthly coaching fee,Education
airport express metro ticket,Transport
Car wash and detailing spa service,Others
POS txn: INOX multiplex movie ticket booking,Entertainment
Speed Post courier parcel shipping charges,Others
Ayurvedic clinic consultation & herbs,Healthcare
YouTube Premium student subscription,Entertainment
nykaa cosmetics skincare serum,Shopping
dth tata play tv recharge,Bills
EDX MIT MICRO-MASTERS CERTIFICATE FEE,Education
Municipal property tax annual payment - Ref #58865,Bills
POS txn: Dermatologist skin treatment & ointment,Healthcare
Delhi Metro token recharge,Transport
Airport express metro ticket,Transport
GRE test official registration ETS,Education
College exam fee online portal,Education
Board game club entry fee,Entertainment
Doctor consultation fee general physician,Healthcare
amusement park theme park entry pass,Entertainment
Reliance Digital wireless earbuds,Shopping
Hyundai annual car maintenance,Transport
Lunch at Smoke House Deli,Food
Tata Power residential electricity bill,Bills
thyrocare full body health checkup package,Healthcare
Ola auto ride to Railway Central Station,Transport
POS txn: Thyrocare full body health checkup package,Healthcare
TUTORING CENTER MONTHLY COACHING FEE,Education
Ayurvedic clinic consultation & herbs,Healthcare
ACT Fibernet broadband bill - Ref #85658,Bills
Pluralsight annual tech skills subscription,Education
uniqlo heattech jacket,Shopping
act fibernet broadband bill,Bills
Petrol refill at Shell station - Ref #5485,Transport
POS txn: Dermatologist skin treatment & ointment,Healthcare
IKEA FURNITURE STUDY DESK CHAIR,Shopping
ICICI Bank credit card bill payment,Bills
Disney+ Hotstar Super annual plan,Entertainment
Speed Post courier parcel shipping charges,Others
ACT Fibernet broadband bill,Bills
home centre curtains and cushions,Shopping
Tailor alteration stitching charges suit - Ref #74846,Others
Home Centre curtains and cushions,Shopping
inox multiplex movie ticket booking,Entertainment
charity donation local animal shelter,Others
DERMATOLOGIST SKIN TREATMENT & OINTMENT,Healthcare
Disney+ Hotstar Super annual plan,Entertainment
SWIGGY ORDER FROM PUNJABI RASOI,Food
Passport seva online application fee,Others
College library annual membership fee - Ref #38182,Education
POS txn: DataCamp Data Science career track pass,Education
ADANI GAS CYLINDER BOOKING,Bills
SPEED POST COURIER PARCEL SHIPPING CHARGES,Others
Puma casual sneakers sale,Shopping
Flight ticket booking IndiGo Chennai MAA,Transport
Blinkit grocery order,Food
croma electronics laptop bag,Shopping
Decathlon badminton racket and kit,Shopping
Eye checkup and optometrist consultation,Healthcare
POS txn: Nike running shoes Air Zoom,Shopping
EdX MIT micro-masters certificate fee,Education
Local meat market fresh fish,Food
BOWLING ALLEY WEEKEND GAME WITH FRIENDS,Entertainment
TOEFL test registration payment,Education
INOX multiplex movie ticket booking,Entertainment
JioFiber high speed optical fiber bill,Bills
HP PETROL BUNK DIESEL REFILL,Transport
POS txn: Spotify Premium Family music subscription,Entertainment
Dental cleaning and cavity filling clinic,Healthcare
Bowling alley weekend game with friends,Entertainment
ACT FIBERNET BROADBAND BILL,Bills
Bowling alley weekend game with friends,Entertainment
Hyundai annual car maintenance,Transport
Pet store premium dog food kibble,Others
Star Health Insurance annual premium,Healthcare
AIRPORT PARKING TICKET FEE,Transport
Lunch at Truffles - Ref #53238,Food
Dry cleaning laundry suit & blazer service - Ref #42373,Others
Star Health Insurance annual premium,Healthcare
POS txn: Delhi Metro token recharge,Transport
gifting greeting card and luxury gift box,Others
Apple Music monthly individual subscription - Ref #75648,Entertainment
redBus interstate bus booking - Ref #3906,Transport
DataCamp Data Science career track pass,Education
Ayurvedic clinic consultation & herbs,Healthcare
Myntra fashion summer clothing,Shopping
lunch at cafe mocha,Food
Research paper IEEE publication fee - Ref #78808,Education
McDonald's burger combo meal - Ref #61188,Food
POS txn: Decathlon badminton racket and kit,Shopping
ACT Fibernet broadband bill,Bills
Annual bank locker rent charge debit,Others
Apartment maintenance society dues,Bills
Ola auto ride to Airport Terminal 2 - Ref #9756,Transport
POS txn: Star Health Insurance annual premium,Healthcare
DataCamp Data Science career track pass,Education
Building security and upkeep fund,Bills
Zepto quick delivery,Food
Blue Dart express courier delivery - Ref #89482,Others
Airport parking ticket fee,Transport
HDFC ERGO MEDICLAIM HEALTH POLICY PAYMENT,Healthcare
tutoring center monthly coaching fee,Education
Zara formal shirt and trousers,Shopping
monthly city bus pass pass renewal,Transport
Passport seva online application fee - Ref #91491,Others
Ice cream parlour Baskin Robbins,Food
"Milk, eggs, and bread delivery from Dunzo Daily",Food
Monthly city bus pass pass renewal,Transport
Apollo Pharmacy prescription medicine,Healthcare
POS txn: Annual bank locker rent charge debit,Others
Dr Lal PathLabs blood lipid profile test,Healthcare
diagnostic radiology x-ray scan report,Healthcare
instamart snacks and dairy,Food
PRESCRIPTION MULTIVITAMINS AND OMEGA 3,Healthcare
INDIAN OIL FUEL PAYMENT,Transport
Thyrocare full body health checkup package,Healthcare
Disney+ Hotstar Super annual plan,Entertainment
Masterclass annual streaming pass,Education
amazon prime video annual renewal,Entertainment
FASTag highway toll recharge - Ref #7891,Transport
Coding Ninjas competitive programming course,Education
Chai Point ginger tea snacks,Food
Carpentry repair work service handyman,Others
Speed Post courier parcel shipping charges - Ref #91268,Others
Delhi Metro token recharge,Transport
Airport express metro ticket - Ref #12328,Transport
Supermarket weekly provisions,Food
Honda two wheeler bike service - Ref #59578,Transport
Airtel Digital TV subscription recharge,Bills
Coding Ninjas competitive programming course - Ref #98051,Education
university semester academic tuition fee,Education
AWS Cloud Certified Architect exam voucher,Education
key maker locksmith urgent home visit,Others
ORGANIC FARMERS MARKET VEGETABLES,Food
air india flight to goa goi,Transport
POS txn: KFC chicken bucket meal,Food
POS txn: Building security and upkeep fund,Bills
Airport parking ticket fee,Transport
pet store premium dog food kibble,Others
Airport parking ticket fee,Transport
Swiggy order from Bawarchi Biryani - Ref #13544,Food
Research paper IEEE publication fee - Ref #10744,Education
POS txn: ATM cash withdrawal cash dispensing,Others
air india flight to mumbai bom,Transport
AWS Cloud Certified Architect exam voucher,Education
Air India flight to Hyderabad HYD,Transport
Dunkin Donuts box of 6,Food
Coding Ninjas competitive programming course,Education
swiggy order from empire restaurant,Food
DataCamp Data Science career track pass,Education
Building security and upkeep fund,Bills
Driving license renewal RTO fee - Ref #97531,Others
Reliance Digital wireless earbuds,Shopping
POS txn: Tutoring center monthly coaching fee,Education
Reliance Digital wireless earbuds,Shopping
Dr Lal PathLabs blood lipid profile test,Healthcare
Waste management & recycling collection fee - Ref #97295,Bills
POS txn: Apple Music monthly individual subscription,Entertainment
SBI Card monthly settlement,Bills
rapido bike taxi ride,Transport
tutoring center monthly coaching fee,Education
Music concert festival pass,Entertainment
Pediatrician child vaccination shot fee,Healthcare
Flipkart Big Billion Days purchase,Shopping
municipal corporation water utility bill,Bills
POS txn: Haldiram's sweets and thali,Food
apollo pharmacy prescription medicine,Healthcare
Costa Coffee Classic Iced Latte - Ref #99008,Food
Star Health Insurance annual premium,Healthcare
adani gas cylinder booking,Bills
petrol refill at shell station,Transport
FASTag highway toll recharge,Transport
Organic farmers market vegetables,Food
EDX MIT MICRO-MASTERS CERTIFICATE FEE,Education
Gifting greeting card and luxury gift box,Others
Adani Gas cylinder booking - Ref #22661,Bills
Instamart snacks and dairy,Food
Apartment maintenance society dues,Bills
POS txn: Nykaa cosmetics skincare serum,Shopping
bakery fresh artisan bread & pastry,Food
Starbucks Hazelnut Cold Brew,Food
airtel mobile postpaid plan recharge,Bills
Auto rickshaw cash fare,Transport
LOCAL MEAT MARKET FRESH FISH,Food
air india flight to kolkata ccu,Transport
Hospital emergency room care charges,Healthcare
PASSPORT SEVA ONLINE APPLICATION FEE,Others
Blue Dart express courier delivery,Others
SBI Card monthly settlement,Bills
auto rickshaw cash fare,Transport
Airtel Digital TV subscription recharge,Bills
Steam store winter gaming sale PC game,Entertainment
Chai Point ginger tea snacks,Food
Pet clinic veterinarian checkup vaccination,Others
Udemy Full-Stack Web Development course,Education
PlayStation Network Plus game subscription - Ref #24194,Entertainment
Masterclass annual streaming pass,Education
POS txn: BPCL petrol pump fuel car,Transport
Thyrocare full body health checkup package,Healthcare
KFC chicken bucket meal,Food
Starbucks Vanilla Sweet Cream,Food
Monthly city bus pass pass renewal,Transport
POS txn: Lunch at Smoke House Deli,Food
POS txn: Amazon Prime Video annual renewal,Entertainment
Tutoring center monthly coaching fee,Education
"POS txn: Milk, eggs, and bread delivery from Otpy Superstore",Food
shoppers stop leather wallet,Shopping
BPCL petrol pump fuel car,Transport
Lenskart computer eyeglasses and frame,Shopping
honda two wheeler bike service,Transport
POS txn: Dr Lal PathLabs blood lipid profile test,Healthcare
DRIVING LICENSE RENEWAL RTO FEE,Others
Notary public stamp paper affidavit fee,Others
Hyundai annual car maintenance,Transport
Carpentry repair work service handyman - Ref #47570,Others
SBI Card monthly settlement,Bills
GRE test official registration ETS,Education
Pet clinic veterinarian checkup vaccination,Others
Pet clinic veterinarian checkup vaccination,Others
SBI Card monthly settlement - Ref #85813,Bills
Star Health Insurance annual premium - Ref #44161,Healthcare
Bangalore Namma Metro recharge,Transport
DOCTOR CONSULTATION FEE GENERAL PHYSICIAN,Healthcare
Key maker locksmith urgent home visit,Others
Technical textbooks bookstore purchase,Education
dth tata play tv recharge,Bills
supermarket weekly provisions,Food
notary public stamp paper affidavit fee,Others
delhi metro token recharge,Transport
Masterclass annual streaming pass,Education
Music concert festival pass,Entertainment
hospital emergency room care charges,Healthcare
Honda two wheeler bike service,Transport
PVR Cinemas caramel popcorn and beverage,Entertainment
PETROL REFILL AT SHELL STATION,Transport
Vi Vodafone Idea monthly bill,Bills
AWS Cloud Certified Architect exam voucher,Education
netmeds pharmacy home delivery,Healthcare
Board game club entry fee - Ref #41213,Entertainment
Airtel Xstream broadband internet bill,Bills
Board game club entry fee,Entertainment
POS txn: Myntra fashion summer clothing,Shopping
POS txn: Bookstore fiction paperback novel,Shopping
PEDIATRICIAN CHILD VACCINATION SHOT FEE,Healthcare
Ayurvedic clinic consultation & herbs,Healthcare
PlayStation Network Plus game subscription,Entertainment
POS txn: Eye checkup and optometrist consultation,Healthcare
Airtel Digital TV subscription recharge,Bills
Ayurvedic clinic consultation & herbs,Healthcare
Titan quartz wrist watch showroom - Ref #13690,Shopping
Car servicing and oil change at Maruti,Transport
school quarterly bus and tuition fee,Education
SPEED POST COURIER PARCEL SHIPPING CHARGES,Others
HP petrol bunk diesel refill,Transport
POS txn: Fabindia ethnic kurta collection,Shopping
supermarket weekly provisions,Food
Dunkin Donuts box of 6,Food
municipal corporation water utility bill,Bills
airtel xstream broadband internet bill,Bills
POS txn: Stationery supplies notebook pens scientific calculator,Education
Tutoring center monthly coaching fee - Ref #54703,Education
POS txn: Tata Power residential electricity bill,Bills
Hospital emergency room care charges,Healthcare
bangalore namma metro recharge,Transport
Bank debit card annual maintenance charge,Others
Building security and upkeep fund,Bills
car wash and detailing spa service,Others
Titan quartz wrist watch showroom - Ref #11623,Shopping
Apollo Pharmacy prescription medicine,Healthcare
INDIAN OIL FUEL PAYMENT,Transport
Costa Coffee Cappuccino Tall,Food
Delhi Metro token recharge - Ref #19583,Transport
JioFiber high speed optical fiber bill,Bills
domino's cheese burst pizza order,Food
Carpentry repair work service handyman,Others
Airport parking ticket fee - Ref #48066,Transport
Pediatrician child vaccination shot fee,Healthcare
Stationery supplies notebook pens scientific calculator,Education
Delhi Metro token recharge,Transport
ikea furniture study desk chair,Shopping
POS txn: Car servicing and oil change at Maruti,Transport
Apple Store iPhone case & magsafe,Shopping
flight ticket booking indigo chennai maa,Transport
Airtel Xstream broadband internet bill - Ref #82469,Bills
Amusement park theme park entry pass,Entertainment
Diagnostic radiology X-ray scan report,Healthcare
Tailor alteration stitching charges suit,Others
Costa Coffee Americano Hot - Ref #40438,Food
Key maker locksmith urgent home visit,Others
YouTube Premium student subscription - Ref #6886,Entertainment
DATACAMP DATA SCIENCE CAREER TRACK PASS,Education
POS txn: College exam fee online portal,Education
DRIVING LICENSE RENEWAL RTO FEE,Others
Ayurvedic clinic consultation & herbs,Healthcare
YOUTUBE PREMIUM STUDENT SUBSCRIPTION,Entertainment
1mg online order health supplements,Healthcare
Jio mobile postpaid monthly plan,Bills
Dental cleaning and cavity filling clinic,Healthcare
pet store premium dog food kibble,Others
BPCL petrol pump fuel car,Transport
Decathlon badminton racket and kit,Shopping
Ferry boat ticket ride,Transport
Stationery supplies notebook pens scientific calculator,Education
University semester academic tuition fee,Education
Netmeds pharmacy home delivery,Healthcare
Disney+ Hotstar Super annual plan,Entertainment
ICICI Bank credit card bill payment,Bills
POS txn: Steam store winter gaming sale PC game,Entertainment
Kindle Unlimited reading subscription,Entertainment
IELTS academic English exam fee - Ref #5701,Education
Indian Oil fuel payment,Transport
Udemy Full-Stack Web Development course,Education
Annual bank locker rent charge debit,Others
YouTube Premium student subscription,Entertainment
Diagnostic radiology X-ray scan report,Healthcare
Charity donation local animal shelter,Others
HP petrol bunk diesel refill,Transport
THYROCARE FULL BODY HEALTH CHECKUP PACKAGE,Healthcare
municipal property tax annual payment,Bills
Udemy Full-Stack Web Development course,Education
IKEA furniture study desk chair,Shopping
Adidas training sportswear - Ref #30623,Shopping
Costa Coffee Mocha Frappuccino,Food
BLUE DART EXPRESS COURIER DELIVERY,Others
audible audiobooks monthly credit,Entertainment
Blue Tokai Hazelnut Cold Brew,Food
sephora perfume and makeup,Shopping
DataCamp Data Science career track pass,Education
ADANI ELECTRICITY MONTHLY BILL,Bills
POS txn: Domino's cheese burst pizza order,Food
AMAZON INDIA ONLINE ELECTRONICS ORDER,Shopping
GRE test official registration ETS,Education
PlayStation Network Plus game subscription,Entertainment
ACT FIBERNET BROADBAND BILL,Bills
Titan quartz wrist watch showroom - Ref #21097,Shopping
grocery purchase at d-mart supermarket,Food
hdfc ergo mediclaim health policy payment,Healthcare
Airtel Xstream broadband internet bill,Bills
Netmeds pharmacy home delivery,Healthcare
POS txn: Biryani pot meal box Behrouz,Food
SCHOOL QUARTERLY BUS AND TUITION FEE,Education
AWS Cloud Certified Architect exam voucher,Education
Titan quartz wrist watch showroom,Shopping
Audible audiobooks monthly credit,Entertainment
Apollo Pharmacy prescription medicine,Healthcare
STAR HEALTH INSURANCE ANNUAL PREMIUM,Healthcare
Car servicing and oil change at Maruti,Transport
POS txn: Notary public stamp paper affidavit fee,Others
TUTORING CENTER MONTHLY COACHING FEE,Education
Spotify Premium Family music subscription - Ref #86943,Entertainment
Domino's cheese burst pizza order,Food
Indian Oil fuel payment,Transport
Coding Ninjas competitive programming course,Education
Bookstore fiction paperback novel - Ref #9317,Shopping
POS txn: Zara formal shirt and trousers,Shopping
Eye checkup and optometrist consultation,Healthcare
DR LAL PATHLABS BLOOD LIPID PROFILE TEST,Healthcare
Lenskart computer eyeglasses and frame,Shopping
Starbucks Vanilla Sweet Cream,Food
POS txn: Bank debit card annual maintenance charge,Others
netmeds pharmacy home delivery,Healthcare
Bookstore fiction paperback novel,Shopping
Plumber leakage repair bathroom fitting,Others
Diagnostic radiology X-ray scan report,Healthcare
Live standup comedy show ticket BMS,Entertainment
Ayurvedic clinic consultation & herbs,Healthcare
Passport seva online application fee - Ref #68289,Others
College library annual membership fee,Education
UNIVERSITY SEMESTER ACADEMIC TUITION FEE,Education
Airport parking ticket fee,Transport
IKEA furniture study desk chair,Shopping
INOX multiplex movie ticket booking,Entertainment
EV vehicle fast charging station fee,Transport
Tutoring center monthly coaching fee,Education
Eye checkup and optometrist consultation,Healthcare
Bangalore Namma Metro recharge,Transport
ATM cash withdrawal cash dispensing,Others
Car wash and detailing spa service,Others
mental wellness therapist counseling session,Healthcare
Mental wellness therapist counseling session,Healthcare
Instamart snacks and dairy,Food
Delhi Metro token recharge,Transport
KINDLE UNLIMITED READING SUBSCRIPTION,Entertainment
POS txn: EdX MIT micro-masters certificate fee,Education
Haldiram's sweets and thali,Food
Prescription multivitamins and Omega 3 - Ref #12034,Healthcare
1mg online order health supplements - Ref #38362,Healthcare
Subway sub and cookies,Food
Kindle Unlimited reading subscription,Entertainment
Chai Point ginger tea snacks,Food
Udemy Full-Stack Web Development course - Ref #31758,Education
POS txn: ATM cash withdrawal cash dispensing,Others
Swiggy order from Chowman,Food
coding ninjas competitive programming course,Education
Hyundai annual car maintenance,Transport
Medplus medicines and first aid,Healthcare
POS txn: Daily fruits and vegetables from Metro Cash & Carry,Food
Waste management & recycling collection fee,Bills
POS txn: Live standup comedy show ticket BMS,Entertainment
Dr Lal PathLabs blood lipid profile test,Healthcare
Hospital emergency room care charges,Healthcare
subway sub and cookies,Food
fastag highway toll recharge,Transport
Shoppers Stop leather wallet,Shopping
Spotify Premium Family music subscription - Ref #23165,Entertainment
bpcl petrol pump fuel car,Transport
Physiotherapy rehabilitation therapy session,Healthcare
PLAYSTATION NETWORK PLUS GAME SUBSCRIPTION,Entertainment
Nykaa cosmetics skincare serum,Shopping
Donation to PM Relief Fund / UNICEF - Ref #58323,Others
Municipal property tax annual payment,Bills
Honda two wheeler bike service - Ref #21295,Transport
Sephora perfume and makeup,Shopping
POS txn: Hospital emergency room care charges,Healthcare
railway train ticket booking irctc,Transport
POS txn: Netmeds pharmacy home delivery,Healthcare
Passport seva online application fee,Others
waste management & recycling collection fee,Bills
Organic farmers market vegetables,Food
Donation to PM Relief Fund / UNICEF,Others
COLLEGE EXAM FEE ONLINE PORTAL,Education
Star Health Insurance annual premium,Healthcare
Apple Music monthly individual subscription,Entertainment
CODING NINJAS COMPETITIVE PROGRAMMING COURSE,Education
Building security and upkeep fund,Bills
TOEFL test registration payment,Education
Sephora perfume and makeup,Shopping
chaat stall evening snacks,Food
Passport seva online application fee,Others
College exam fee online portal,Education
chaat stall evening snacks,Food
POS txn: Jio mobile postpaid monthly plan,Bills
Board game club entry fee,Entertainment
POS txn: Indian Oil fuel payment,Transport
POS txn: IELTS academic English exam fee,Education
Flipkart Big Billion Days purchase,Shopping
Bank debit card annual maintenance charge,Others
POS txn: Pluralsight annual tech skills subscription,Education
Stationery supplies notebook pens scientific calculator,Education
FABINDIA ETHNIC KURTA COLLECTION,Shopping
Fabindia ethnic kurta collection,Shopping
Subway sub and cookies,Food
ICICI Bank credit card bill payment,Bills
RELIANCE DIGITAL WIRELESS EARBUDS,Shopping
Bicycle repair and tire puncture - Ref #67864,Transport
POS txn: Pet store premium dog food kibble,Others
Electricity bill payment BESCOM,Bills
Auto rickshaw cash fare,Transport
Stationery supplies notebook pens scientific calculator,Education
BookMyShow movie tickets PVR IMAX 3D,Entertainment
Tata Power residential electricity bill - Ref #13403,Bills
Audible audiobooks monthly credit,Entertainment
POS txn: Steam store winter gaming sale PC game,Entertainment
DERMATOLOGIST SKIN TREATMENT & OINTMENT,Healthcare
Dry cleaning laundry suit & blazer service,Others
playstation network plus game subscription,Entertainment
Board game club entry fee - Ref #41785,Entertainment
Lenskart computer eyeglasses and frame,Shopping
PlayStation Network Plus game subscription,Entertainment
UNIQLO HEATTECH JACKET,Shopping
SEPHORA PERFUME AND MAKEUP,Shopping
Costa Coffee Vanilla Sweet Cream,Food
Piped natural gas IGL monthly bill,Bills
TAILOR ALTERATION STITCHING CHARGES SUIT,Others
Building security and upkeep fund,Bills
Gaming arcade gaming card recharge,Entertainment
POS txn: Pet store premium dog food kibble,Others
"POS txn: Milk, eggs, and bread delivery from Country Delight",Food
POS txn: Tutoring center monthly coaching fee,Education
Airtel Digital TV subscription recharge,Bills
NOTARY PUBLIC STAMP PAPER AFFIDAVIT FEE,Others
Sephora perfume and makeup,Shopping
Notary public stamp paper affidavit fee,Others
POS txn: Steam store winter gaming sale PC game,Entertainment
petrol refill at shell station,Transport
Zomato delivery from Smoke House Deli,Food
POS txn: Westside lifestyle casual wear,Shopping
Building security and upkeep fund,Bills
ICICI BANK CREDIT CARD BILL PAYMENT,Bills
POS txn: Nykaa cosmetics skincare serum,Shopping
titan quartz wrist watch showroom,Shopping
Nykaa cosmetics skincare serum,Shopping
Gifting greeting card and luxury gift box,Others
Diagnostic radiology X-ray scan report,Healthcare
Udemy Full-Stack Web Development course,Education
POS txn: Auto rickshaw cash fare,Transport
Research paper IEEE publication fee,Education
Charity donation local animal shelter,Others
Flight ticket booking IndiGo Kolkata CCU,Transport
Orthopedic knee support brace,Healthcare
PET STORE PREMIUM DOG FOOD KIBBLE,Others
Grocery purchase at More Megastore,Food
Jio mobile postpaid monthly plan,Bills
Apple Store iPhone case & magsafe,Shopping
westside lifestyle casual wear,Shopping
Car servicing and oil change at Maruti,Transport
DELHI METRO TOKEN RECHARGE,Transport
Key maker locksmith urgent home visit,Others
Technical textbooks bookstore purchase,Education
Bakery fresh artisan bread & pastry - Ref #16445,Food
DTH Tata Play TV recharge,Bills
Auto rickshaw cash fare - Ref #39861,Transport
POS txn: EV vehicle fast charging station fee,Transport
COLLEGE EXAM FEE ONLINE PORTAL,Education
Airtel Digital TV subscription recharge,Bills
MUNICIPAL PROPERTY TAX ANNUAL PAYMENT,Bills
Bowling alley weekend game with friends,Entertainment
Disney+ Hotstar Super annual plan,Entertainment
Indian Oil fuel payment,Transport
Tutoring center monthly coaching fee,Education
POS txn: Amusement park theme park entry pass,Entertainment
Ola auto ride to Medical Center Hospital,Transport
Amazon Prime Video annual renewal,Entertainment
HP petrol bunk diesel refill,Transport
APARTMENT MAINTENANCE SOCIETY DUES,Bills
building security and upkeep fund,Bills
Disney+ Hotstar Super annual plan,Entertainment
AMAZON PRIME VIDEO ANNUAL RENEWAL,Entertainment
fastag highway toll recharge,Transport
electricity bill payment bescom,Bills
Prescription multivitamins and Omega 3,Healthcare
Steam store winter gaming sale PC game,Entertainment
Key maker locksmith urgent home visit,Others
Airtel Digital TV subscription recharge,Bills
THYROCARE FULL BODY HEALTH CHECKUP PACKAGE,Healthcare
POS txn: Board game club entry fee,Entertainment
coursera machine learning specialization subscription,Education
Piped natural gas IGL monthly bill,Bills
youtube premium student subscription,Entertainment
Amazon India online electronics order,Shopping
AWS Cloud Certified Architect exam voucher,Education
Tata Power residential electricity bill,Bills
Dry cleaning laundry suit & blazer service,Others
TOEFL test registration payment,Education
pet store premium dog food kibble,Others
Amusement park theme park entry pass,Entertainment
McDonald's burger combo meal - Ref #1017,Food
Apartment maintenance society dues,Bills
Charity donation local animal shelter,Others
Disney+ Hotstar Super annual plan,Entertainment
redbus interstate bus booking,Transport
ACT Fibernet broadband bill,Bills
Passport seva online application fee,Others
Airtel mobile postpaid plan recharge,Bills
Waste management & recycling collection fee,Bills
University semester academic tuition fee,Education
Spotify Premium Family music subscription,Entertainment
Indian Oil fuel payment,Transport
ola auto ride to home sweet home,Transport
passport seva online application fee,Others
Netflix monthly 4K UHD streaming subscription,Entertainment
Daily fruits and vegetables from Reliance Smart - Ref #97610,Food
HDFC ERGO Mediclaim health policy payment,Healthcare
Bowling alley weekend game with friends,Entertainment
Bowling alley weekend game with friends,Entertainment
PVR Cinemas caramel popcorn and beverage,Entertainment
Mental wellness therapist counseling session,Healthcare
Dinner with team at Bawarchi Biryani - Ref #79937,Food
Key maker locksmith urgent home visit,Others
College library annual membership fee,Education
POS txn: FASTag highway toll recharge,Transport
Airport express metro ticket,Transport
Speed Post courier parcel shipping charges,Others
Apartment maintenance society dues,Bills
reliance digital wireless earbuds,Shopping
Stationery supplies notebook pens scientific calculator - Ref #53451,Education
EDX MIT MICRO-MASTERS CERTIFICATE FEE,Education
Ferry boat ticket ride,Transport
apartment maintenance society dues,Bills
Tutoring center monthly coaching fee,Education
Diagnostic radiology X-ray scan report,Healthcare
nike running shoes air zoom,Shopping
Building security and upkeep fund,Bills
Cafe Coffee Day Cappuccino Tall,Food
Apple Music monthly individual subscription,Entertainment
Spotify Premium Family music subscription,Entertainment
Coursera Machine Learning Specialization subscription,Education
Tata Power residential electricity bill,Bills
Delhi Metro token recharge,Transport
Swiggy order from Saravana Bhavan - Ref #30863,Food
POS txn: Subway sub and cookies,Food
Bangalore Namma Metro recharge,Transport
Air India flight to Kolkata CCU,Transport
Pediatrician child vaccination shot fee,Healthcare
Bicycle repair and tire puncture - Ref #11547,Transport
POS txn: Titan quartz wrist watch showroom,Shopping
LEETCODE ANNUAL PREMIUM SUBSCRIPTION,Education
railway train ticket booking irctc,Transport
Apple Music monthly individual subscription,Entertainment
kindle unlimited reading subscription,Entertainment
Blue Tokai Classic Iced Latte,Food
H&M slim fit cotton t-shirt,Shopping
POS txn: Research paper IEEE publication fee,Education
Pluralsight annual tech skills subscription,Education
IELTS academic English exam fee,Education
hdfc credit card statement payment,Bills
redBus interstate bus booking,Transport
Supermarket weekly provisions,Food
Pluralsight annual tech skills subscription,Education
Railway train ticket booking IRCTC - Ref #31419,Transport
POS txn: PlayStation Network Plus game subscription,Entertainment
Board game club entry fee,Entertainment
POS txn: Medplus medicines and first aid,Healthcare
Spotify Premium Family music subscription,Entertainment
Physiotherapy rehabilitation therapy session,Healthcare
airtel digital tv subscription recharge,Bills
Airport parking ticket fee,Transport
EDX MIT MICRO-MASTERS CERTIFICATE FEE,Education
Vi Vodafone Idea monthly bill,Bills
Vi Vodafone Idea monthly bill,Bills
Bank debit card annual maintenance charge,Others
Adidas training sportswear,Shopping
University semester academic tuition fee,Education
POS txn: Tutoring center monthly coaching fee,Education
POS txn: JioFiber high speed optical fiber bill,Bills
Board game club entry fee - Ref #29255,Entertainment
Fabindia ethnic kurta collection - Ref #99048,Shopping
Flight ticket booking IndiGo Delhi DEL,Transport
FLIGHT TICKET BOOKING INDIGO GOA GOI,Transport
POS txn: Bookstore fiction paperback novel,Shopping
Organic farmers market vegetables,Food
amazon prime video annual renewal,Entertainment
ICICI Bank credit card bill payment,Bills
Myntra fashion summer clothing,Shopping
POS txn: Adidas training sportswear,Shopping
Electricity bill payment BESCOM - Ref #50164,Bills
DataCamp Data Science career track pass,Education
Charity donation local animal shelter,Others
1mg online order health supplements,Healthcare
Gaming arcade gaming card recharge,Entertainment
Coding Ninjas competitive programming course - Ref #7809,Education
Flipkart Big Billion Days purchase - Ref #45055,Shopping
Doctor consultation fee general physician,Healthcare
University semester academic tuition fee,Education
H&M slim fit cotton t-shirt,Shopping
HP petrol bunk diesel refill,Transport
Dry cleaning laundry suit & blazer service,Others
POS txn: Jio mobile postpaid monthly plan,Bills
flipkart big billion days purchase,Shopping
College library annual membership fee,Education
Nike running shoes Air Zoom,Shopping
Apple Store iPhone case & magsafe - Ref #2488,Shopping
Tailor alteration stitching charges suit,Others
College exam fee online portal,Education
POS txn: Pediatrician child vaccination shot fee,Healthcare
POS txn: Vi Vodafone Idea monthly bill,Bills
Flipkart Big Billion Days purchase,Shopping
apollo pharmacy prescription medicine,Healthcare
edx mit micro-masters certificate fee,Education
dunkin donuts box of 6,Food
board game club entry fee,Entertainment
EdX MIT micro-masters certificate fee,Education
Mental wellness therapist counseling session,Healthcare
Key maker locksmith urgent home visit,Others
Pet clinic veterinarian checkup vaccination,Others
Ayurvedic clinic consultation & herbs,Healthcare
Physiotherapy rehabilitation therapy session,Healthcare
POS txn: Hospital emergency room care charges,Healthcare
Instamart snacks and dairy,Food
Home Centre curtains and cushions - Ref #69732,Shopping
Home Centre curtains and cushions - Ref #21551,Shopping
FLOWER BOUQUET ANNIVERSARY SURPRISE DELIVERY,Others
LEETCODE ANNUAL PREMIUM SUBSCRIPTION,Education
Music concert festival pass,Entertainment
youtube premium student subscription,Entertainment
Pediatrician child vaccination shot fee,Healthcare
toefl test registration payment,Education
Masterclass annual streaming pass - Ref #97756,Education
sbi card monthly settlement,Bills
Music concert festival pass,Entertainment
POS txn: 1mg online order health supplements,Healthcare
Building security and upkeep fund,Bills
Haldiram's sweets and thali,Food
Mental wellness therapist counseling session - Ref #29402,Healthcare
ATM cash withdrawal cash dispensing,Others
KFC chicken bucket meal,Food
Monthly city bus pass pass renewal,Transport
Bicycle repair and tire puncture,Transport
VI VODAFONE IDEA MONTHLY BILL,Bills
ayurvedic clinic consultation & herbs,Healthcare
Nike running shoes Air Zoom,Shopping
Hospital emergency room care charges,Healthcare
vi vodafone idea monthly bill,Bills
Udemy Full-Stack Web Development course,Education
Uniqlo heattech jacket,Shopping
bookstore fiction paperback novel,Shopping
Music concert festival pass,Entertainment
Pluralsight annual tech skills subscription,Education
Decathlon badminton racket and kit,Shopping
Lenskart computer eyeglasses and frame - Ref #16610,Shopping
university semester academic tuition fee,Education
Blinkit grocery order - Ref #81174,Food
Organic farmers market vegetables,Food
Railway train ticket booking IRCTC - Ref #24302,Transport
POS txn: Donation to PM Relief Fund / UNICEF,Others
Electricity bill payment BESCOM,Bills
redBus interstate bus booking,Transport
Airport parking ticket fee,Transport
Mental wellness therapist counseling session,Healthcare
Bowling alley weekend game with friends,Entertainment
Pizza Hut dinner feast,Food
Blinkit grocery order,Food
PHYSIOTHERAPY REHABILITATION THERAPY SESSION,Healthcare
Zara formal shirt and trousers,Shopping
POS txn: DTH Tata Play TV recharge,Bills
Spotify Premium Family music subscription,Entertainment
University semester academic tuition fee,Education
POS txn: Flipkart Big Billion Days purchase,Shopping
POS txn: Jio mobile postpaid monthly plan,Bills
POS txn: Masterclass annual streaming pass,Education
Uniqlo heattech jacket,Shopping
Speed Post courier parcel shipping charges - Ref #44422,Others
Nintendo Switch digital eShop game,Entertainment
Eye checkup and optometrist consultation - Ref #84875,Healthcare
Organic farmers market vegetables,Food
KINDLE UNLIMITED READING SUBSCRIPTION,Entertainment
Rapido bike taxi ride,Transport
myntra fashion summer clothing,Shopping
Nykaa cosmetics skincare serum,Shopping
HP petrol bunk diesel refill,Transport
Pluralsight annual tech skills subscription,Education
SUBWAY SUB AND COOKIES,Food
Annual bank locker rent charge debit,Others
Railway train ticket booking IRCTC,Transport
Gaming arcade gaming card recharge,Entertainment
Nintendo Switch digital eShop game - Ref #59470,Entertainment
YouTube Premium student subscription,Entertainment
SEPHORA PERFUME AND MAKEUP,Shopping
Reliance Digital wireless earbuds,Shopping
Gifting greeting card and luxury gift box,Others
HDFC ERGO Mediclaim health policy payment,Healthcare
Bowling alley weekend game with friends,Entertainment
auto rickshaw cash fare,Transport
UBER CAB RIDE TO SHOPPING PROMENADE MALL,Transport
Car wash and detailing spa service - Ref #26930,Others
YouTube Premium student subscription,Entertainment
ATM CASH WITHDRAWAL CASH DISPENSING,Others
Disney+ Hotstar Super annual plan,Entertainment
Titan quartz wrist watch showroom,Shopping
Gifting greeting card and luxury gift box,Others
College library annual membership fee,Education
BookMyShow movie tickets PVR IMAX 3D,Entertainment
Blue Dart express courier delivery,Others
HP PETROL BUNK DIESEL REFILL,Transport
POS txn: Railway train ticket booking IRCTC,Transport
Kindle Unlimited reading subscription,Entertainment
Spotify Premium Family music subscription,Entertainment
PLAYSTATION NETWORK PLUS GAME SUBSCRIPTION,Entertainment
TOEFL test registration payment,Education
Annual bank locker rent charge debit,Others
Pantaloons jeans and belt,Shopping
Netmeds pharmacy home delivery - Ref #83329,Healthcare
Amusement park theme park entry pass,Entertainment
TOEFL test registration payment - Ref #68509,Education
Myntra fashion summer clothing,Shopping
KFC chicken bucket meal,Food
Gaming arcade gaming card recharge,Entertainment
NYKAA COSMETICS SKINCARE SERUM,Shopping
Puma casual sneakers sale,Shopping
adani gas cylinder booking,Bills
decathlon badminton racket and kit,Shopping
FLOWER BOUQUET ANNIVERSARY SURPRISE DELIVERY,Others
udemy full-stack web development course,Education
UBER CAB RIDE TO HOME SWEET HOME,Transport
Airtel Digital TV subscription recharge,Bills
Nykaa cosmetics skincare serum,Shopping
Stationery supplies notebook pens scientific calculator,Education
Cafe Coffee Day Americano Hot,Food
LeetCode annual premium subscription,Education
leetcode annual premium subscription,Education
POS txn: Organic farmers market vegetables,Food
METRO SMART CARD RECHARGE,Transport
audible audiobooks monthly credit,Entertainment
Fabindia ethnic kurta collection - Ref #74606,Shopping
live standup comedy show ticket bms,Entertainment
CAFE COFFEE DAY VANILLA SWEET CREAM,Food
FLIPKART BIG BILLION DAYS PURCHASE,Shopping
POS txn: Pet store premium dog food kibble,Others
Plumber leakage repair bathroom fitting,Others
Daily fruits and vegetables from D-Mart Supermarket,Food
Spotify Premium Family music subscription,Entertainment
Dental cleaning and cavity filling clinic,Healthcare
Pet clinic veterinarian checkup vaccination - Ref #55754,Others
Adani Electricity monthly bill,Bills
Ferry boat ticket ride,Transport
College exam fee online portal,Education
KFC chicken bucket meal,Food
POS txn: Organic farmers market vegetables,Food
Waste management & recycling collection fee,Bills
NOTARY PUBLIC STAMP PAPER AFFIDAVIT FEE,Others
RAPIDO BIKE TAXI RIDE,Transport
Lunch at Punjabi Rasoi,Food
Tata Power residential electricity bill,Bills
Car wash and detailing spa service,Others
1mg online order health supplements - Ref #86553,Healthcare
Piped natural gas IGL monthly bill,Bills
ikea furniture study desk chair,Shopping
Research paper IEEE publication fee,Education
Nykaa cosmetics skincare serum,Shopping
electricity bill payment bescom,Bills
Piped natural gas IGL monthly bill,Bills
POS txn: Pet store premium dog food kibble,Others
BPCL petrol pump fuel car,Transport
FASTag highway toll recharge,Transport
Pet store premium dog food kibble,Others
honda two wheeler bike service,Transport
RAILWAY TRAIN TICKET BOOKING IRCTC,Transport
College exam fee online portal,Education
Dinner with team at Nandhini Deluxe,Food
stationery supplies notebook pens scientific calculator,Education
POS txn: Driving license renewal RTO fee,Others
Croma electronics laptop bag,Shopping
SBI Card monthly settlement,Bills
Amusement park theme park entry pass,Entertainment
house rent transfer via neft,Bills
POS txn: Instamart snacks and dairy,Food
TOEFL test registration payment,Education
Monthly city bus pass pass renewal,Transport
Notary public stamp paper affidavit fee,Others
Pediatrician child vaccination shot fee,Healthcare
Shoppers Stop leather wallet,Shopping
BANGALORE NAMMA METRO RECHARGE,Transport
Petrol refill at Shell station,Transport
Apollo Pharmacy prescription medicine,Healthcare
POS txn: Ice cream parlour Baskin Robbins,Food
Cafe Coffee Day Americano Hot,Food
Annual bank locker rent charge debit,Others
physiotherapy rehabilitation therapy session,Healthcare
Tutoring center monthly coaching fee,Education
flight ticket booking indigo mumbai bom,Transport
NETFLIX MONTHLY 4K UHD STREAMING SUBSCRIPTION,Entertainment
Waste management & recycling collection fee,Bills
Airtel Xstream broadband internet bill,Bills
gre test official registration ets,Education
FLIPKART BIG BILLION DAYS PURCHASE,Shopping
Adani Electricity monthly bill - Ref #19529,Bills
IELTS academic English exam fee,Education
POS txn: Amusement park theme park entry pass,Entertainment
Ferry boat ticket ride - Ref #80702,Transport
McDonald's burger combo meal,Food
POS txn: Municipal property tax annual payment,Bills
PETROL REFILL AT SHELL STATION,Transport
playstation network plus game subscription,Entertainment
Jio mobile postpaid monthly plan,Bills
KFC chicken bucket meal,Food
POS txn: Zepto quick delivery,Food
Lenskart computer eyeglasses and frame,Shopping
Air India flight to Delhi DEL - Ref #77155,Transport
Dr Lal PathLabs blood lipid profile test,Healthcare
Pizza Hut dinner feast,Food
apple store iphone case & magsafe,Shopping
1mg online order health supplements,Healthcare
STAR HEALTH INSURANCE ANNUAL PREMIUM,Healthcare
Zepto quick delivery,Food
Local meat market fresh fish,Food
DataCamp Data Science career track pass,Education
Zomato delivery from Mainland China,Food
POS txn: Supermarket weekly provisions,Food
Uniqlo heattech jacket,Shopping
POS txn: TOEFL test registration payment,Education
POS txn: Nike running shoes Air Zoom,Shopping
Zara formal shirt and trousers,Shopping
Netmeds pharmacy home delivery,Healthcare
INOX multiplex movie ticket booking,Entertainment
Electricity bill payment BESCOM,Bills
DENTAL CLEANING AND CAVITY FILLING CLINIC,Healthcare
House rent transfer via NEFT,Bills
APPLE MUSIC MONTHLY INDIVIDUAL SUBSCRIPTION,Entertainment
Bakery fresh artisan bread & pastry - Ref #84686,Food
Board game club entry fee - Ref #40888,Entertainment
Zara formal shirt and trousers,Shopping
pizza hut dinner feast,Food
BookMyShow movie tickets PVR IMAX 3D,Entertainment
RELIANCE DIGITAL WIRELESS EARBUDS,Shopping
Doctor consultation fee general physician,Healthcare
Medplus medicines and first aid - Ref #56679,Healthcare
bookmyshow movie tickets pvr imax 3d,Entertainment
Apple Store iPhone case & magsafe,Shopping
Adani Electricity monthly bill,Bills
FASTag highway toll recharge,Transport
costa coffee mocha frappuccino,Food
costa coffee mocha frappuccino,Food
FASTag highway toll recharge,Transport
Dr Lal PathLabs blood lipid profile test - Ref #87056,Healthcare
Petrol refill at Shell station,Transport
JioFiber high speed optical fiber bill,Bills
Dermatologist skin treatment & ointment,Healthcare
annual bank locker rent charge debit,Others
Croma electronics laptop bag,Shopping
Dry cleaning laundry suit & blazer service,Others
Uber cab ride to Airport Terminal 2,Transport
APOLLO PHARMACY PRESCRIPTION MEDICINE,Healthcare
Carpentry repair work service handyman,Others
Decathlon badminton racket and kit,Shopping
POS txn: Building security and upkeep fund,Bills
MONTHLY CITY BUS PASS PASS RENEWAL,Transport
stationery supplies notebook pens scientific calculator,Education
INOX multiplex movie ticket booking,Entertainment
PIZZA HUT DINNER FEAST,Food
BPCL petrol pump fuel car,Transport
Pizza Hut dinner feast,Food
doctor consultation fee general physician,Healthcare
gaming arcade gaming card recharge,Entertainment
PlayStation Network Plus game subscription,Entertainment
DataCamp Data Science career track pass,Education
Audible audiobooks monthly credit,Entertainment
Auto rickshaw cash fare - Ref #72155,Transport
hyundai annual car maintenance,Transport
Flipkart Big Billion Days purchase,Shopping
music concert festival pass,Entertainment
1mg online order health supplements - Ref #54972,Healthcare
POS txn: Building security and upkeep fund,Bills
Pediatrician child vaccination shot fee - Ref #42234,Healthcare
Bangalore Namma Metro recharge,Transport
Amazon India online electronics order - Ref #25739,Shopping
thyrocare full body health checkup package,Healthcare
Building security and upkeep fund,Bills
Jio mobile postpaid monthly plan,Bills
carpentry repair work service handyman,Others
Plumber leakage repair bathroom fitting,Others
coding ninjas competitive programming course,Education
Biryani pot meal box Behrouz,Food
Biryani pot meal box Behrouz,Food
POS txn: Municipal Corporation water utility bill,Bills
lunch at empire restaurant,Food
Zepto quick delivery,Food
Dinner with team at Olive Bistro - Ref #75381,Food
key maker locksmith urgent home visit,Others
Airtel mobile postpaid plan recharge,Bills
Juice bar fresh fruit juice,Food
stationery supplies notebook pens scientific calculator,Education
Costa Coffee Classic Iced Latte,Food
Vi Vodafone Idea monthly bill,Bills
DTH TATA PLAY TV RECHARGE,Bills
POS txn: Ola auto ride to Home Sweet Home,Transport
Doctor consultation fee general physician,Healthcare
Pet clinic veterinarian checkup vaccination,Others
kindle unlimited reading subscription,Entertainment
netflix monthly 4k uhd streaming subscription,Entertainment
INOX multiplex movie ticket booking,Entertainment
AWS Cloud Certified Architect exam voucher,Education
IKEA furniture study desk chair,Shopping
ANNUAL BANK LOCKER RENT CHARGE DEBIT,Others
Uniqlo heattech jacket,Shopping
inox multiplex movie ticket booking,Entertainment
Annual bank locker rent charge debit - Ref #86181,Others
Airtel Digital TV subscription recharge,Bills
Nykaa cosmetics skincare serum - Ref #15228,Shopping
mental wellness therapist counseling session,Healthcare
redBus interstate bus booking,Transport
Monthly city bus pass pass renewal - Ref #32389,Transport
Tailor alteration stitching charges suit,Others
Lunch at Toit Brewery,Food
Dr Lal PathLabs blood lipid profile test,Healthcare
Monthly city bus pass pass renewal,Transport
Passport seva online application fee,Others
ICICI Bank credit card bill payment,Bills
POS txn: McDonald's burger combo meal,Food
Airtel mobile postpaid plan recharge,Bills
Pluralsight annual tech skills subscription,Education
Masterclass annual streaming pass,Education
POS txn: Uber cab ride to Shopping Promenade Mall,Transport
Swiggy order from Chowman,Food
Dermatologist skin treatment & ointment,Healthcare
Coding Ninjas competitive programming course,Education
haldiram's sweets and thali,Food
Gifting greeting card and luxury gift box,Others
Driving license renewal RTO fee,Others
Sephora perfume and makeup - Ref #84823,Shopping
POS txn: PlayStation Network Plus game subscription,Entertainment
plumber leakage repair bathroom fitting,Others
Driving license renewal RTO fee,Others
POS txn: Driving license renewal RTO fee,Others
LeetCode annual premium subscription,Education
Car servicing and oil change at Maruti,Transport
Apollo Pharmacy prescription medicine - Ref #67329,Healthcare
POS txn: Home Centre curtains and cushions,Shopping
Dermatologist skin treatment & ointment,Healthcare
Airtel Xstream broadband internet bill,Bills
POS txn: Grocery purchase at More Megastore,Food
Dental cleaning and cavity filling clinic,Healthcare
Fabindia ethnic kurta collection,Shopping
live standup comedy show ticket bms,Entertainment
POS txn: IELTS academic English exam fee,Education
Carpentry repair work service handyman,Others
Gifting greeting card and luxury gift box,Others
ICICI BANK CREDIT CARD BILL PAYMENT,Bills
POS txn: Notary public stamp paper affidavit fee,Others
Railway train ticket booking IRCTC,Transport
McDonald's burger combo meal - Ref #26932,Food
Donation to PM Relief Fund / UNICEF,Others
Vi Vodafone Idea monthly bill,Bills
Plumber leakage repair bathroom fitting,Others
Mental wellness therapist counseling session,Healthcare
BookMyShow movie tickets PVR IMAX 3D,Entertainment
Live standup comedy show ticket BMS,Entertainment
"Milk, eggs, and bread delivery from FreshToHome",Food
Spotify Premium Family music subscription - Ref #63612,Entertainment
Home Centre curtains and cushions,Shopping
Amazon India online electronics order,Shopping
Ola auto ride to Shopping Promenade Mall,Transport
domino's cheese burst pizza order,Food
Air India flight to Kolkata CCU - Ref #71883,Transport
Diagnostic radiology X-ray scan report - Ref #10945,Healthcare
netmeds pharmacy home delivery,Healthcare
POS txn: Ferry boat ticket ride,Transport
H&M slim fit cotton t-shirt - Ref #97745,Shopping
University semester academic tuition fee,Education
Apple Music monthly individual subscription,Entertainment
netflix monthly 4k uhd streaming subscription,Entertainment
Airtel Digital TV subscription recharge,Bills
atm cash withdrawal cash dispensing,Others
Bank debit card annual maintenance charge - Ref #40951,Others
municipal corporation water utility bill,Bills
Passport seva online application fee,Others
Airtel Digital TV subscription recharge - Ref #77570,Bills
auto rickshaw cash fare,Transport
Doctor consultation fee general physician,Healthcare
BookMyShow movie tickets PVR IMAX 3D,Entertainment
Hospital emergency room care charges,Healthcare
Nykaa cosmetics skincare serum,Shopping
TOEFL test registration payment,Education
H&M slim fit cotton t-shirt,Shopping
POS txn: Cafe Coffee Day Vanilla Sweet Cream,Food
Building security and upkeep fund,Bills
YouTube Premium student subscription - Ref #66797,Entertainment
IELTS academic English exam fee - Ref #42150,Education
DOMINO'S CHEESE BURST PIZZA ORDER,Food
Jio mobile postpaid monthly plan,Bills
Costa Coffee Cappuccino Tall,Food
SCHOOL QUARTERLY BUS AND TUITION FEE,Education
Myntra fashion summer clothing,Shopping
Dry cleaning laundry suit & blazer service,Others
Vi Vodafone Idea monthly bill,Bills
bookmyshow movie tickets pvr imax 3d,Entertainment
Dental cleaning and cavity filling clinic,Healthcare
lenskart computer eyeglasses and frame,Shopping
Municipal property tax annual payment - Ref #66441,Bills
pet clinic veterinarian checkup vaccination,Others
PANTALOONS JEANS AND BELT,Shopping
POS txn: Cafe Coffee Day Classic Iced Latte,Food
House rent transfer via NEFT,Bills
puma casual sneakers sale,Shopping
Pluralsight annual tech skills subscription,Education
Disney+ Hotstar Super annual plan,Entertainment
Croma electronics laptop bag,Shopping
udemy full-stack web development course,Education
1mg online order health supplements,Healthcare
bank debit card annual maintenance charge,Others
Donation to PM Relief Fund / UNICEF,Others
redBus interstate bus booking,Transport
electricity bill payment bescom,Bills
HP petrol bunk diesel refill,Transport
Tata Power residential electricity bill,Bills
DTH TATA PLAY TV RECHARGE,Bills
POS txn: Lunch at Saravana Bhavan,Food
mcdonald's burger combo meal,Food
Nike running shoes Air Zoom,Shopping
School quarterly bus and tuition fee,Education
Research paper IEEE publication fee,Education
BLUE DART EXPRESS COURIER DELIVERY,Others
AIR INDIA FLIGHT TO PUNE PNQ,Transport
Netflix monthly 4K UHD streaming subscription,Entertainment
Ola auto ride to Airport Terminal 2,Transport
Driving license renewal RTO fee,Others
eye checkup and optometrist consultation,Healthcare
Chai Point ginger tea snacks,Food
DTH Tata Play TV recharge,Bills
GRE test official registration ETS,Education
stationery supplies notebook pens scientific calculator,Education
Airport parking ticket fee,Transport
Amazon Prime Video annual renewal,Entertainment
Delhi Metro token recharge,Transport
hyundai annual car maintenance,Transport
EdX MIT micro-masters certificate fee,Education
Shoppers Stop leather wallet,Shopping
fabindia ethnic kurta collection,Shopping
HDFC Credit card statement payment,Bills
GRE TEST OFFICIAL REGISTRATION ETS,Education
INOX multiplex movie ticket booking - Ref #92219,Entertainment
Uniqlo heattech jacket,Shopping
Juice bar fresh fruit juice,Food
Tata Power residential electricity bill,Bills
physiotherapy rehabilitation therapy session,Healthcare
JIOFIBER HIGH SPEED OPTICAL FIBER BILL,Bills
Bowling alley weekend game with friends,Entertainment
ATM cash withdrawal cash dispensing,Others
Apple Store iPhone case & magsafe - Ref #93162,Shopping
Passport seva online application fee,Others
swiggy order from mainland china,Food
Doctor consultation fee general physician,Healthcare
Jio mobile postpaid monthly plan,Bills
Westside lifestyle casual wear,Shopping
monthly city bus pass pass renewal,Transport
Zepto quick delivery,Food
POS txn: Pizza Hut dinner feast,Food
Live standup comedy show ticket BMS,Entertainment
Uber cab ride to Shopping Promenade Mall - Ref #9004,Transport
Notary public stamp paper affidavit fee,Others
Petrol refill at Shell station,Transport
AIRPORT PARKING TICKET FEE,Transport
Adani Electricity monthly bill,Bills
tata power residential electricity bill,Bills
Adani Gas cylinder booking,Bills
Grocery purchase at More Megastore,Food
Air India flight to Hyderabad HYD - Ref #23522,Transport
