user_id,month_idx,month_of_year,monthly_income,lag_1_expense,lag_2_expense,lag_3_expense,rolling_3m_mean,rolling_3m_std,essential_ratio,discretionary_ratio,savings_target,actual_expense
1,1,1,164310.98,94697.61,90697.24,95648.75,93681.2,2245.41,0.5563,0.4437,72742.67,90898.15
1,2,2,164310.98,90898.15,94697.61,90697.24,92097.67,1940.27,0.6075,0.3925,72742.67,74393.69
1,3,3,164310.98,74393.69,90898.15,94697.61,86663.15,8913.39,0.6214,0.3786,72742.67,69698.51
1,4,4,164310.98,69698.51,74393.69,90898.15,78330.12,9191.3,0.5188,0.4812,72742.67,74903.66
1,5,5,164310.98,74903.66,69698.51,74393.69,72998.62,2442.8,0.6336,0.3664,72742.67,71525.72
1,6,6,164310.98,71525.72,74903.66,69698.51,72042.63,2256.2,0.483,0.517,72742.67,62957.32
1,7,7,164310.98,62957.32,71525.72,74903.66,69795.57,5128.18,0.5689,0.4311,72742.67,63680.29
1,8,8,164310.98,63680.29,62957.32,71525.72,66054.44,3980.02,0.6021,0.3979,72742.67,57547.53
1,9,9,164310.98,57547.53,63680.29,62957.32,61395.04,2836.57,0.4696,0.5304,72742.67,53286.68
1,10,10,164310.98,53286.68,57547.53,63680.29,58171.5,4366.05,0.5347,0.4653,72742.67,60659.67
1,11,11,164310.98,60659.67,53286.68,57547.53,57164.63,3122.16,0.5289,0.4711,72742.67,51272.73
1,12,12,164310.98,51272.73,60659.67,53286.68,55073.03,4135.01,0.5274,0.4726,72742.67,46709.6
1,13,1,164310.98,46709.6,51272.73,60659.67,52880.67,5907.48,0.473,0.527,72742.67,45784.15
1,14,2,164310.98,45784.15,46709.6,51272.73,47922.16,2499.14,0.5505,0.4495,72742.67,45784.15
1,15,3,164310.98,45784.15,45784.15,46709.6,46092.64,536.26,0.579,0.421,72742.67,47567.46
1,16,4,164310.98,47567.46,45784.15,45784.15,46378.59,940.66,0.5426,0.4574,72742.67,45784.15
1,17,5,164310.98,45784.15,47567.46,45784.15,46378.59,940.66,0.6406,0.3594,72742.67,45784.15
1,18,6,164310.98,45784.15,45784.15,47567.46,46378.59,940.66,0.6091,0.3909,72742.67,53865.1
1,19,7,164310.98,53865.1,45784.15,45784.15,48477.8,3909.39,0.6035,0.3965,72742.67,49198.04
1,20,8,164310.98,49198.04,53865.1,45784.15,49615.76,3412.23,0.5549,0.4451,72742.67,48860.32
1,21,9,164310.98,48860.32,49198.04,53865.1,50641.15,2383.84,0.5658,0.4342,72742.67,45784.15
1,22,10,164310.98,45784.15,48860.32,49198.04,47947.5,1635.92,0.6795,0.3205,72742.67,48664.25
1,23,11,164310.98,48664.25,45784.15,48860.32,47769.58,1506.19,0.5444,0.4556,72742.67,54120.08
1,24,12,164310.98,54120.08,48664.25,45784.15,49522.83,3556.86,0.518,0.482,72742.67,49970.89
2,1,1,50745.79,32990.78,31077.16,31682.7,31916.88,898.59,0.562,0.438,18491.38,27631.97
2,2,2,50745.79,27631.97,32990.78,31077.16,30566.64,2317.31,0.5957,0.4043,18491.38,27076.1
2,3,3,50745.79,27076.1,27631.97,32990.78,29232.95,2766.86,0.6456,0.3544,18491.38,25029.61
2,4,4,50745.79,25029.61,27076.1,27631.97,26579.22,1219.0,0.597,0.403,18491.38,21549.97
2,5,5,50745.79,21549.97,25029.61,27076.1,24551.89,2381.18,0.6289,0.3711,18491.38,22470.92
2,6,6,50745.79,22470.92,21549.97,25029.61,23016.83,1572.07,0.4887,0.5113,18491.38,19050.27
2,7,7,50745.79,19050.27,22470.92,21549.97,21023.72,1545.2,0.5459,0.4541,18491.38,19252.19
2,8,8,50745.79,19252.19,19050.27,22470.92,20257.79,1667.09,0.6689,0.3311,18491.38,16127.21
2,9,9,50745.79,16127.21,19252.19,19050.27,18143.22,1527.92,0.4925,0.5075,18491.38,16127.21
2,10,10,50745.79,16127.21,16127.21,19252.19,17168.87,1573.13,0.4976,0.5024,18491.38,18759.55
2,11,11,50745.79,18759.55,16127.21,16127.21,17004.66,1340.9,0.6648,0.3352,18491.38,21142.29
2,12,12,50745.79,21142.29,18759.55,16127.21,18676.35,2148.24,0.6754,0.3246,18491.38,21880.44
2,13,1,50745.79,21880.44,21142.29,18759.55,20594.09,1431.76,0.6205,0.3795,18491.38,19945.2
2,14,2,50745.79,19945.2,21880.44,21142.29,20989.31,897.43,0.6033,0.3967,18491.38,17686.45
2,15,3,50745.79,17686.45,19945.2,21880.44,19837.36,1813.88,0.5995,0.4005,18491.38,16127.21
2,16,4,50745.79,16127.21,17686.45,19945.2,17919.62,1667.38,0.5471,0.4529,18491.38,16127.21
2,17,5,50745.79,16127.21,16127.21,17686.45,16646.96,835.04,0.5447,0.4553,18491.38,16127.21
2,18,6,50745.79,16127.21,16127.21,16127.21,16127.21,100.0,0.5657,0.4343,18491.38,17903.17
2,19,7,50745.79,17903.17,16127.21,16127.21,16719.2,937.2,0.663,0.337,18491.38,17722.71
2,20,8,50745.79,17722.71,17903.17,16127.21,17251.03,898.07,0.6076,0.3924,18491.38,16127.21
2,21,9,50745.79,16127.21,17722.71,17903.17,17251.03,898.07,0.4948,0.5052,18491.38,16986.34
2,22,10,50745.79,16986.34,16127.21,17722.71,16945.42,752.0,0.5691,0.4309,18491.38,18056.36
2,23,11,50745.79,18056.36,16986.34,16127.21,17056.64,889.14,0.5612,0.4388,18491.38,18117.36
2,24,12,50745.79,18117.36,18056.36,16986.34,17720.02,619.39,0.6529,0.3471,18491.38,20782.81
3,1,1,110459.44,68297.5,67913.58,61097.17,65769.42,3407.5,0.6292,0.3708,46131.28,57897.22
3,2,2,110459.44,57897.22,68297.5,67913.58,64702.77,4914.8,0.4955,0.5045,46131.28,51436.79
3,3,3,110459.44,51436.79,57897.22,68297.5,59210.5,7045.72,0.4948,0.5052,46131.28,52207.28
3,4,4,110459.44,52207.28,51436.79,57897.22,53847.09,2981.09,0.6057,0.3943,46131.28,46274.78
3,5,5,110459.44,46274.78,52207.28,51436.79,49972.95,2733.85,0.5101,0.4899,46131.28,43311.03
3,6,6,110459.44,43311.03,46274.78,52207.28,47264.36,3798.67,0.535,0.465,46131.28,38091.79
3,7,7,110459.44,38091.79,43311.03,46274.78,42559.2,3482.73,0.4867,0.5133,46131.28,33972.53
3,8,8,110459.44,33972.53,38091.79,43311.03,38458.45,3921.23,0.5446,0.4554,46131.28,37475.89
3,9,9,110459.44,37475.89,33972.53,38091.79,36513.4,1914.18,0.4725,0.5275,46131.28,40407.15
3,10,10,110459.44,40407.15,37475.89,33972.53,37285.19,2730.38,0.56,0.44,46131.28,41795.08
3,11,11,110459.44,41795.08,40407.15,37475.89,39892.71,1900.43,0.6626,0.3374,46131.28,47334.15
3,12,12,110459.44,47334.15,41795.08,40407.15,43178.79,3092.41,0.601,0.399,46131.28,48970.02
3,13,1,110459.44,48970.02,47334.15,41795.08,46033.08,3170.24,0.4557,0.5443,46131.28,41985.35
3,14,2,110459.44,41985.35,48970.02,47334.15,46096.51,3082.75,0.5801,0.4199,46131.28,39453.66
3,15,3,110459.44,39453.66,41985.35,48970.02,43469.68,4124.32,0.5726,0.4274,46131.28,43904.16
3,16,4,110459.44,43904.16,39453.66,41985.35,41781.06,1922.65,0.483,0.517,46131.28,40373.85
3,17,5,110459.44,40373.85,43904.16,39453.66,41243.89,2018.24,0.5942,0.4058,46131.28,43810.44
3,18,6,110459.44,43810.44,40373.85,43904.16,42696.15,1742.56,0.5581,0.4419,46131.28,32164.08
3,19,7,110459.44,32164.08,43810.44,40373.85,38782.79,4985.9,0.5859,0.4141,46131.28,36729.59
3,20,8,110459.44,36729.59,32164.08,43810.44,37568.04,4891.43,0.4336,0.5664,46131.28,36155.89
3,21,9,110459.44,36155.89,36729.59,32164.08,35016.52,2130.53,0.5275,0.4725,46131.28,33892.11
3,22,10,110459.44,33892.11,36155.89,36729.59,35592.53,1324.98,0.6065,0.3935,46131.28,38367.07
3,23,11,110459.44,38367.07,33892.11,36155.89,36138.35,1926.94,0.4461,0.5539,46131.28,33258.77
3,24,12,110459.44,33258.77,38367.07,33892.11,35172.65,2373.54,0.6204,0.3796,46131.28,36743.86
4,1,1,39939.54,27302.72,29028.72,25954.63,27428.69,1358.15,0.4611,0.5389,13186.77,22928.46
4,2,2,39939.54,22928.46,27302.72,29028.72,26419.97,2667.46,0.5898,0.4102,13186.77,19694.19
4,3,3,39939.54,19694.19,22928.46,27302.72,23308.46,3217.77,0.649,0.351,13186.77,20398.24
4,4,4,39939.54,20398.24,19694.19,22928.46,21006.96,1488.77,0.5437,0.4563,13186.77,19317.39
4,5,5,39939.54,19317.39,20398.24,19694.19,19803.27,547.95,0.5891,0.4109,13186.77,17328.31
4,6,6,39939.54,17328.31,19317.39,20398.24,19014.65,1371.44,0.6165,0.3835,13186.77,17529.54
4,7,7,39939.54,17529.54,17328.31,19317.39,18058.41,994.01,0.4947,0.5053,13186.77,16809.01
4,8,8,39939.54,16809.01,17529.54,17328.31,17222.28,403.56,0.4942,0.5058,13186.77,17379.51
4,9,9,39939.54,17379.51,16809.01,17529.54,17239.35,410.4,0.4354,0.5646,13186.77,15452.8
4,10,10,39939.54,15452.8,17379.51,16809.01,16547.1,908.08,0.6199,0.3801,13186.77,16607.75
4,11,11,39939.54,16607.75,15452.8,17379.51,16480.02,891.74,0.5896,0.4104,13186.77,17112.34
4,12,12,39939.54,17112.34,16607.75,15452.8,16390.97,794.63,0.4804,0.5196,13186.77,15771.71
4,13,1,39939.54,15771.71,17112.34,16607.75,16497.27,652.86,0.6121,0.3879,13186.77,15790.87
4,14,2,39939.54,15790.87,15771.71,17112.34,16224.97,727.51,0.6411,0.3589,13186.77,14736.88
4,15,3,39939.54,14736.88,15790.87,15771.71,15433.16,592.4,0.4297,0.5703,13186.77,14612.07
4,16,4,39939.54,14612.07,14736.88,15790.87,15046.61,628.73,0.6596,0.3404,13186.77,14127.52
4,17,5,39939.54,14127.52,14612.07,14736.88,14492.16,362.82,0.5287,0.4713,13186.77,13376.38
4,18,6,39939.54,13376.38,14127.52,14612.07,14038.66,608.36,0.6378,0.3622,13186.77,13376.38
4,19,7,39939.54,13376.38,13376.38,14127.52,13626.76,454.09,0.6628,0.3372,13186.77,13376.38
4,20,8,39939.54,13376.38,13376.38,13376.38,13376.38,100.0,0.4294,0.5706,13186.77,13376.38
4,21,9,39939.54,13376.38,13376.38,13376.38,13376.38,100.0,0.6374,0.3626,13186.77,13376.38
4,22,10,39939.54,13376.38,13376.38,13376.38,13376.38,100.0,0.6249,0.3751,13186.77,15578.9
4,23,11,39939.54,15578.9,13376.38,13376.38,14110.55,1138.28,0.4684,0.5316,13186.77,19184.39
4,24,12,39939.54,19184.39,15578.9,13376.38,16046.56,2494.06,0.6147,0.3853,13186.77,19199.4
5,1,1,83938.93,41303.45,40373.86,35209.75,38962.35,2780.49,0.5677,0.4323,43356.62,35541.36
5,2,2,83938.93,35541.36,41303.45,40373.86,39072.89,2625.84,0.4479,0.5521,43356.62,31033.81
5,3,3,83938.93,31033.81,35541.36,41303.45,35959.54,4302.98,0.6756,0.3244,43356.62,35746.56
5,4,4,83938.93,35746.56,31033.81,35541.36,34107.24,2274.86,0.494,0.506,43356.62,31116.59
5,5,5,83938.93,31116.59,35746.56,31033.81,32632.32,2302.36,0.6772,0.3228,43356.62,29666.6
5,6,6,83938.93,29666.6,31116.59,35746.56,32176.58,2692.83,0.5613,0.4387,43356.62,28035.98
5,7,7,83938.93,28035.98,29666.6,31116.59,29606.39,1358.37,0.5484,0.4516,43356.62,23812.11
5,8,8,83938.93,23812.11,28035.98,29666.6,27171.56,2567.01,0.664,0.336,43356.62,26650.5
5,9,9,83938.93,26650.5,23812.11,28035.98,26166.2,1858.06,0.6413,0.3587,43356.62,26793.29
5,10,10,83938.93,26793.29,26650.5,23812.11,25751.97,1472.93,0.5417,0.4583,43356.62,30060.45
5,11,11,83938.93,30060.45,26793.29,26650.5,27834.75,1674.89,0.4701,0.5299,43356.62,27899.3
5,12,12,83938.93,27899.3,30060.45,26793.29,28251.01,1456.8,0.4493,0.5507,43356.62,33083.16
5,13,1,83938.93,33083.16,27899.3,30060.45,30347.64,2226.02,0.4622,0.5378,43356.62,25882.69
5,14,2,83938.93,25882.69,33083.16,27899.3,28955.05,3132.89,0.5393,0.4607,43356.62,25200.87
5,15,3,83938.93,25200.87,25882.69,33083.16,28055.57,3665.92,0.4869,0.5131,43356.62,30078.95
5,16,4,83938.93,30078.95,25200.87,25882.69,27054.17,2256.88,0.4684,0.5316,43356.62,24505.65
5,17,5,83938.93,24505.65,30078.95,25200.87,26595.16,2579.71,0.6115,0.3885,43356.62,22720.12
5,18,6,83938.93,22720.12,24505.65,30078.95,25768.24,3234.08,0.6256,0.3744,43356.62,23229.81
5,19,7,83938.93,23229.81,22720.12,24505.65,23485.19,850.98,0.5676,0.4324,43356.62,21387.7
5,20,8,83938.93,21387.7,23229.81,22720.12,22445.87,876.64,0.6169,0.3831,43356.62,20291.15
5,21,9,83938.93,20291.15,21387.7,23229.81,21636.22,1312.5,0.4656,0.5344,43356.62,20832.32
5,22,10,83938.93,20832.32,20291.15,21387.7,20837.06,547.67,0.6426,0.3574,43356.62,20332.75
5,23,11,83938.93,20332.75,20832.32,20291.15,20485.41,345.89,0.6532,0.3468,43356.62,24082.39
5,24,12,83938.93,24082.39,20332.75,20832.32,21749.15,1762.4,0.635,0.365,43356.62,22750.08
6,1,1,137477.43,80809.68,69377.06,71636.9,73941.21,5043.59,0.4448,0.5552,64262.43,71694.76
6,2,2,137477.43,71694.76,80809.68,69377.06,73960.5,5034.67,0.6752,0.3248,64262.43,55214.28
6,3,3,137477.43,55214.28,71694.76,80809.68,69239.57,10692.52,0.5441,0.4559,64262.43,55631.06
6,4,4,137477.43,55631.06,55214.28,71694.76,60846.7,7772.62,0.6633,0.3367,64262.43,58015.79
6,5,5,137477.43,58015.79,55631.06,55214.28,56287.04,1334.19,0.4218,0.5782,64262.43,45642.32
6,6,6,137477.43,45642.32,58015.79,55631.06,53096.39,5459.98,0.5197,0.4803,64262.43,46336.56
6,7,7,137477.43,46336.56,45642.32,58015.79,49998.22,5776.35,0.5362,0.4638,64262.43,46118.36
6,8,8,137477.43,46118.36,46336.56,45642.32,46032.41,389.87,0.4894,0.5106,64262.43,47095.35
6,9,9,137477.43,47095.35,46118.36,46336.56,46516.76,518.71,0.5057,0.4943,64262.43,39221.06
6,10,10,137477.43,39221.06,47095.35,46118.36,44144.92,3604.47,0.5714,0.4286,64262.43,38557.76
6,11,11,137477.43,38557.76,39221.06,47095.35,41624.72,3977.78,0.5689,0.4311,64262.43,46077.47
6,12,12,137477.43,46077.47,38557.76,39221.06,41285.43,3499.29,0.488,0.512,64262.43,48955.47
6,13,1,137477.43,48955.47,46077.47,38557.76,44530.24,4483.57,0.5135,0.4865,64262.43,45804.96
6,14,2,137477.43,45804.96,48955.47,46077.47,46945.97,1525.28,0.4814,0.5186,64262.43,42649.81
6,15,3,137477.43,42649.81,45804.96,48955.47,45803.41,2674.28,0.5936,0.4064,64262.43,39226.56
6,16,4,137477.43,39226.56,42649.81,45804.96,42560.44,2786.37,0.541,0.459,64262.43,40506.94
6,17,5,137477.43,40506.94,39226.56,42649.81,40794.44,1512.24,0.4615,0.5385,64262.43,40882.48
6,18,6,137477.43,40882.48,40506.94,39226.56,40205.32,808.87,0.5984,0.4016,64262.43,36666.6
6,19,7,137477.43,36666.6,40882.48,40506.94,39352.01,2005.05,0.66,0.34,64262.43,45240.58
6,20,8,137477.43,45240.58,36666.6,40882.48,40929.89,3600.47,0.6508,0.3492,64262.43,43951.75
6,21,9,137477.43,43951.75,45240.58,36666.6,41952.98,3874.88,0.6202,0.3798,64262.43,36626.0
6,22,10,137477.43,36626.0,43951.75,45240.58,41939.44,3893.84,0.5995,0.4005,64262.43,45770.87
6,23,11,137477.43,45770.87,36626.0,43951.75,42116.2,4052.56,0.5861,0.4139,64262.43,43069.25
6,24,12,137477.43,43069.25,45770.87,36626.0,41822.04,3936.13,0.6646,0.3354,64262.43,49811.96
7,1,1,79024.23,46143.25,40601.27,45596.63,44113.72,2593.68,0.4547,0.5453,36125.05,40639.18
7,2,2,79024.23,40639.18,46143.25,40601.27,42461.23,2703.63,0.4598,0.5402,36125.05,36205.79
7,3,3,79024.23,36205.79,40639.18,46143.25,40996.07,4164.79,0.6144,0.3856,36125.05,38557.88
7,4,4,79024.23,38557.88,36205.79,40639.18,38467.61,1911.05,0.5775,0.4225,36125.05,33837.69
7,5,5,79024.23,33837.69,38557.88,36205.79,36200.45,2027.02,0.5281,0.4719,36125.05,29717.15
7,6,6,79024.23,29717.15,33837.69,38557.88,34037.57,3711.98,0.5628,0.4372,36125.05,26807.82
7,7,7,79024.23,26807.82,29717.15,33837.69,30120.89,2984.09,0.5424,0.4576,36125.05,24491.56
7,8,8,79024.23,24491.56,26807.82,29717.15,27005.51,2237.91,0.5598,0.4402,36125.05,24280.35
7,9,9,79024.23,24280.35,24491.56,26807.82,25193.24,1244.93,0.5927,0.4073,36125.05,24675.34
7,10,10,79024.23,24675.34,24280.35,24491.56,24482.42,261.38,0.4768,0.5232,36125.05,27452.54
7,11,11,79024.23,27452.54,24675.34,24280.35,25469.41,1511.53,0.4843,0.5157,36125.05,30734.81
7,12,12,79024.23,30734.81,27452.54,24675.34,27620.9,2576.63,0.6162,0.3838,36125.05,30985.55
7,13,1,79024.23,30985.55,30734.81,27452.54,29724.3,1709.63,0.647,0.353,36125.05,31832.25
7,14,2,79024.23,31832.25,30985.55,30734.81,31184.2,569.53,0.4413,0.5587,36125.05,26812.36
7,15,3,79024.23,26812.36,31832.25,30985.55,29876.72,2294.23,0.5362,0.4638,36125.05,32911.72
7,16,4,79024.23,32911.72,26812.36,31832.25,30518.78,2757.63,0.603,0.397,36125.05,30992.39
7,17,5,79024.23,30992.39,32911.72,26812.36,30238.82,2646.43,0.4403,0.5597,36125.05,26433.94
7,18,6,79024.23,26433.94,30992.39,32911.72,30112.68,2816.72,0.5667,0.4333,36125.05,23697.6
7,19,7,79024.23,23697.6,26433.94,30992.39,27041.31,3108.89,0.4361,0.5639,36125.05,25252.25
7,20,8,79024.23,25252.25,23697.6,26433.94,25127.93,1220.56,0.5624,0.4376,36125.05,23768.49
7,21,9,79024.23,23768.49,25252.25,23697.6,24239.45,816.74,0.5514,0.4486,36125.05,25057.42
7,22,10,79024.23,25057.42,23768.49,25252.25,24692.72,758.35,0.5689,0.4311,36125.05,28252.22
7,23,11,79024.23,28252.22,25057.42,23768.49,25692.71,1984.79,0.459,0.541,36125.05,28815.51
7,24,12,79024.23,28815.51,28252.22,25057.42,27375.05,1754.87,0.5053,0.4947,36125.05,27565.51
8,1,1,141464.42,70822.56,76057.39,82441.67,76440.54,4851.21,0.6064,0.3936,63219.11,65686.81
8,2,2,141464.42,65686.81,70822.56,76057.39,70855.59,4333.84,0.5471,0.4529,63219.11,52194.98
8,3,3,141464.42,52194.98,65686.81,70822.56,62901.45,7955.59,0.6537,0.3463,63219.11,52782.79
8,4,4,141464.42,52782.79,52194.98,65686.81,56888.19,6326.19,0.5358,0.4642,63219.11,52272.21
8,5,5,141464.42,52272.21,52782.79,52194.98,52416.66,360.81,0.4345,0.5655,63219.11,45444.56
8,6,6,141464.42,45444.56,52272.21,52782.79,50166.52,3445.43,0.4543,0.5457,63219.11,45895.1
8,7,7,141464.42,45895.1,45444.56,52272.21,47870.62,3217.82,0.528,0.472,63219.11,45067.33
8,8,8,141464.42,45067.33,45895.1,45444.56,45469.0,438.37,0.5666,0.4334,63219.11,39122.66
8,9,9,141464.42,39122.66,45067.33,45895.1,43361.7,3116.44,0.5653,0.4347,63219.11,41812.29
8,10,10,141464.42,41812.29,39122.66,45067.33,42000.76,2530.56,0.5949,0.4051,63219.11,48803.83
8,11,11,141464.42,48803.83,41812.29,39122.66,43246.26,4180.32,0.5001,0.4999,63219.11,55409.81
8,12,12,141464.42,55409.81,48803.83,41812.29,48675.31,5651.91,0.4257,0.5743,63219.11,60526.15
8,13,1,141464.42,60526.15,55409.81,48803.83,54913.26,4898.48,0.4862,0.5138,63219.11,48031.49
8,14,2,141464.42,48031.49,60526.15,55409.81,54655.82,5228.71,0.4208,0.5792,63219.11,41180.76
8,15,3,141464.42,41180.76,48031.49,60526.15,49912.8,8108.97,0.4767,0.5233,63219.11,45294.93
8,16,4,141464.42,45294.93,41180.76,48031.49,44835.73,2915.59,0.439,0.561,63219.11,45842.91
8,17,5,141464.42,45842.91,45294.93,41180.76,44106.2,2180.66,0.5302,0.4698,63219.11,45906.97
8,18,6,141464.42,45906.97,45842.91,45294.93,45681.6,374.67,0.6021,0.3979,63219.11,60397.11
8,19,7,141464.42,60397.11,45906.97,45842.91,50715.66,6945.86,0.5607,0.4393,63219.11,54978.17
8,20,8,141464.42,54978.17,60397.11,45906.97,53760.75,6077.88,0.4357,0.5643,63219.11,55601.35
8,21,9,141464.42,55601.35,54978.17,60397.11,56992.21,2521.03,0.6525,0.3475,63219.11,56042.71
8,22,10,141464.42,56042.71,55601.35,54978.17,55540.74,536.7,0.6764,0.3236,63219.11,61126.45
8,23,11,141464.42,61126.45,56042.71,55601.35,57590.17,2607.01,0.5427,0.4573,63219.11,59955.0
8,24,12,141464.42,59955.0,61126.45,56042.71,59041.39,2273.65,0.4946,0.5054,63219.11,64833.55
9,1,1,54612.15,32526.82,33577.39,33090.24,33064.82,529.27,0.6744,0.3256,20570.59,29093.56
9,2,2,54612.15,29093.56,32526.82,33577.39,31732.59,2014.73,0.5879,0.4121,20570.59,28974.23
9,3,3,54612.15,28974.23,29093.56,32526.82,30198.2,1747.3,0.5293,0.4707,20570.59,23311.11
9,4,4,54612.15,23311.11,28974.23,29093.56,27126.3,2798.19,0.6781,0.3219,20570.59,24022.6
9,5,5,54612.15,24022.6,23311.11,28974.23,25435.98,2618.73,0.5194,0.4806,20570.59,20028.55
9,6,6,54612.15,20028.55,24022.6,23311.11,22454.08,1839.54,0.6461,0.3539,20570.59,19192.99
9,7,7,54612.15,19192.99,20028.55,24022.6,21081.38,2207.55,0.6558,0.3442,20570.59,21029.84
9,8,8,54612.15,21029.84,19192.99,20028.55,20083.79,850.91,0.5177,0.4823,20570.59,19910.76
9,9,9,54612.15,19910.76,21029.84,19192.99,20044.53,855.84,0.5975,0.4025,20570.59,17444.01
9,10,10,54612.15,17444.01,19910.76,21029.84,19461.54,1597.98,0.5921,0.4079,20570.59,18710.31
9,11,11,54612.15,18710.31,17444.01,19910.76,18688.36,1107.17,0.5602,0.4398,20570.59,21773.25
9,12,12,54612.15,21773.25,18710.31,17444.01,19309.19,1917.43,0.5899,0.4101,20570.59,20961.59
9,13,1,54612.15,20961.59,21773.25,18710.31,20481.71,1395.66,0.5104,0.4896,20570.59,20245.08
9,14,2,54612.15,20245.08,20961.59,21773.25,20993.3,724.28,0.4664,0.5336,20570.59,18571.87
9,15,3,54612.15,18571.87,20245.08,20961.59,19926.18,1101.32,0.5597,0.4403,20570.59,17484.13
9,16,4,54612.15,17484.13,18571.87,20245.08,18767.03,1235.57,0.5575,0.4425,20570.59,21333.96
9,17,5,54612.15,21333.96,17484.13,18571.87,19129.99,1720.48,0.6092,0.3908,20570.59,20746.67
9,18,6,54612.15,20746.67,21333.96,17484.13,19854.92,1793.46,0.4779,0.5221,20570.59,17020.78
9,19,7,54612.15,17020.78,20746.67,21333.96,19700.47,2009.94,0.4209,0.5791,20570.59,18084.34
9,20,8,54612.15,18084.34,17020.78,20746.67,18617.26,1667.07,0.4259,0.5741,20570.59,17020.78
9,21,9,54612.15,17020.78,18084.34,17020.78,17375.3,601.37,0.4976,0.5024,20570.59,18552.13
9,22,10,54612.15,18552.13,17020.78,18084.34,17885.75,740.75,0.5951,0.4049,20570.59,18666.57
9,23,11,54612.15,18666.57,18552.13,17020.78,18079.83,850.32,0.5616,0.4384,20570.59,20064.28
9,24,12,54612.15,20064.28,18666.57,18552.13,19094.33,787.45,0.5583,0.4417,20570.59,22299.91
10,1,1,48093.9,32515.39,28465.93,30162.88,30381.4,1760.39,0.4917,0.5083,17275.39,27014.49
10,2,2,48093.9,27014.49,32515.39,28465.93,29331.93,2427.72,0.6637,0.3363,17275.39,22353.69
10,3,3,48093.9,22353.69,27014.49,32515.39,27294.52,4253.22,0.6085,0.3915,17275.39,25036.42
10,4,4,48093.9,25036.42,22353.69,27014.49,24801.54,2010.0,0.4493,0.5507,17275.39,23340.5
10,5,5,48093.9,23340.5,25036.42,22353.69,23576.87,1207.9,0.6305,0.3695,17275.39,19384.9
10,6,6,48093.9,19384.9,23340.5,25036.42,22587.28,2467.9,0.529,0.471,17275.39,20869.42
10,7,7,48093.9,20869.42,19384.9,23340.5,21198.27,1731.52,0.6192,0.3808,17275.39,23216.28
10,8,8,48093.9,23216.28,20869.42,19384.9,21156.87,1677.31,0.6498,0.3502,17275.39,22500.5
10,9,9,48093.9,22500.5,23216.28,20869.42,22195.4,1082.09,0.4241,0.5759,17275.39,18160.63
10,10,10,48093.9,18160.63,22500.5,23216.28,21292.47,2333.74,0.4736,0.5264,17275.39,19671.35
10,11,11,48093.9,19671.35,18160.63,22500.5,20110.83,1898.79,0.4462,0.5538,17275.39,23407.9
10,12,12,48093.9,23407.9,19671.35,18160.63,20413.29,2305.5,0.4287,0.5713,17275.39,21796.15
10,13,1,48093.9,21796.15,23407.9,19671.35,21625.13,1630.23,0.5754,0.4246,17275.39,20961.03
10,14,2,48093.9,20961.03,21796.15,23407.9,22055.03,1115.56,0.6029,0.3971,17275.39,19962.13
10,15,3,48093.9,19962.13,20961.03,21796.15,20906.44,849.73,0.4327,0.5673,17275.39,17576.6
10,16,4,48093.9,17576.6,19962.13,20961.03,19499.92,1519.82,0.6125,0.3875,17275.39,17494.96
10,17,5,48093.9,17494.96,17576.6,19962.13,18344.56,1244.28,0.5246,0.4754,17275.39,15409.25
10,18,6,48093.9,15409.25,17494.96,17576.6,16826.94,1103.01,0.4809,0.5191,17275.39,15409.25
10,19,7,48093.9,15409.25,15409.25,17494.96,16104.49,1083.21,0.4765,0.5235,17275.39,15409.25
10,20,8,48093.9,15409.25,15409.25,15409.25,15409.25,100.0,0.6446,0.3554,17275.39,15409.25
10,21,9,48093.9,15409.25,15409.25,15409.25,15409.25,100.0,0.4347,0.5653,17275.39,18151.7
10,22,10,48093.9,18151.7,15409.25,15409.25,16323.4,1392.8,0.551,0.449,17275.39,16328.43
10,23,11,48093.9,16328.43,18151.7,15409.25,16629.8,1239.7,0.4952,0.5048,17275.39,17307.29
10,24,12,48093.9,17307.29,16328.43,18151.7,17262.47,845.02,0.6321,0.3679,17275.39,19105.92
11,1,1,187924.97,102790.67,84664.71,101038.58,96164.65,8263.08,0.6209,0.3791,94214.32,87566.16
11,2,2,187924.97,87566.16,102790.67,84664.71,91673.85,8049.52,0.6328,0.3672,94214.32,69226.83
11,3,3,187924.97,69226.83,87566.16,102790.67,86527.88,13822.03,0.4816,0.5184,94214.32,71197.32
11,4,4,187924.97,71197.32,69226.83,87566.16,75996.77,8320.25,0.6478,0.3522,94214.32,67774.01
11,5,5,187924.97,67774.01,71197.32,69226.83,69399.39,1502.88,0.6763,0.3237,94214.32,59967.46
11,6,6,187924.97,59967.46,67774.01,71197.32,66312.93,4799.54,0.5555,0.4445,94214.32,58974.21
11,7,7,187924.97,58974.21,59967.46,67774.01,62238.56,4035.1,0.5275,0.4725,94214.32,54899.0
11,8,8,187924.97,54899.0,58974.21,59967.46,57946.89,2293.0,0.4915,0.5085,94214.32,54434.92
11,9,9,187924.97,54434.92,54899.0,58974.21,56102.71,2139.28,0.5647,0.4353,94214.32,56658.3
11,10,10,187924.97,56658.3,54434.92,54899.0,55330.74,1057.66,0.5738,0.4262,94214.32,69998.16
11,11,11,187924.97,69998.16,56658.3,54434.92,60363.8,6972.73,0.6112,0.3888,94214.32,61669.5
11,12,12,187924.97,61669.5,69998.16,56658.3,62775.32,5601.82,0.4655,0.5345,94214.32,78335.16
11,13,1,187924.97,78335.16,61669.5,69998.16,70000.94,6903.73,0.5965,0.4035,94214.32,57905.15
11,14,2,187924.97,57905.15,78335.16,61669.5,65969.94,8977.56,0.5645,0.4355,94214.32,53290.19
11,15,3,187924.97,53290.19,57905.15,78335.16,63176.83,10982.88,0.4322,0.5678,94214.32,57690.99
11,16,4,187924.97,57690.99,53290.19,57905.15,56295.44,2226.83,0.5095,0.4905,94214.32,56217.03
11,17,5,187924.97,56217.03,57690.99,53290.19,55732.74,1928.97,0.5873,0.4127,94214.32,50472.04
11,18,6,187924.97,50472.04,56217.03,57690.99,54793.36,3214.32,0.5191,0.4809,94214.32,49690.14
11,19,7,187924.97,49690.14,50472.04,56217.03,52126.4,3010.07,0.5564,0.4436,94214.32,47029.73
11,20,8,187924.97,47029.73,49690.14,50472.04,49063.97,1573.42,0.601,0.399,94214.32,46855.32
11,21,9,187924.97,46855.32,47029.73,49690.14,47858.4,1397.19,0.5261,0.4739,94214.32,51724.03
11,22,10,187924.97,51724.03,46855.32,47029.73,48536.36,2355.15,0.498,0.502,94214.32,57781.78
11,23,11,187924.97,57781.78,51724.03,46855.32,52120.38,4569.51,0.4678,0.5322,94214.32,55812.43
11,24,12,187924.97,55812.43,57781.78,51724.03,55106.08,2623.0,0.5599,0.4401,94214.32,65321.52
12,1,1,55616.76,31071.96,32062.87,31703.73,31612.85,509.61,0.604,0.396,25147.11,26029.79
12,2,2,55616.76,26029.79,31071.96,32062.87,29721.54,2741.62,0.6295,0.3705,25147.11,22119.69
12,3,3,55616.76,22119.69,26029.79,31071.96,26407.15,3764.48,0.6578,0.3422,25147.11,22923.26
12,4,4,55616.76,22923.26,22119.69,26029.79,23690.91,1786.06,0.5662,0.4338,25147.11,22318.4
12,5,5,55616.76,22318.4,22923.26,22119.69,22453.78,441.74,0.6716,0.3284,25147.11,20621.14
12,6,6,55616.76,20621.14,22318.4,22923.26,21954.27,1074.47,0.5649,0.4351,25147.11,19898.81
12,7,7,55616.76,19898.81,20621.14,22318.4,20946.12,1114.17,0.4549,0.5451,25147.11,21219.18
12,8,8,55616.76,21219.18,19898.81,20621.14,20579.71,639.83,0.4831,0.5169,25147.11,18610.04
12,9,9,55616.76,18610.04,21219.18,19898.81,19909.34,1165.2,0.4729,0.5271,25147.11,19082.92
12,10,10,55616.76,19082.92,18610.04,21219.18,19637.38,1235.04,0.5881,0.4119,25147.11,20131.93
12,11,11,55616.76,20131.93,19082.92,18610.04,19274.97,735.98,0.6598,0.3402,25147.11,20553.09
12,12,12,55616.76,20553.09,20131.93,19082.92,19922.65,718.17,0.6403,0.3597,25147.11,23459.66
12,13,1,55616.76,23459.66,20553.09,20131.93,21381.56,1579.46,0.444,0.556,25147.11,22290.53
12,14,2,55616.76,22290.53,23459.66,20553.09,22101.1,1294.14,0.6084,0.3916,25147.11,20596.17
12,15,3,55616.76,20596.17,22290.53,23459.66,22115.46,1275.55,0.4695,0.5305,25147.11,21928.05
12,16,4,55616.76,21928.05,20596.17,22290.53,21604.92,828.48,0.4898,0.5102,25147.11,20266.49
12,17,5,55616.76,20266.49,21928.05,20596.17,20930.24,818.28,0.5952,0.4048,25147.11,20390.42
12,18,6,55616.76,20390.42,20266.49,21928.05,20861.65,855.75,0.5768,0.4232,25147.11,18763.77
12,19,7,55616.76,18763.77,20390.42,20266.49,19806.89,839.33,0.6471,0.3529,25147.11,18753.5
12,20,8,55616.76,18753.5,18763.77,20390.42,19302.56,869.24,0.4689,0.5311,25147.11,17844.12
12,21,9,55616.76,17844.12,18753.5,18763.77,18453.8,531.13,0.618,0.382,25147.11,17551.55
12,22,10,55616.76,17551.55,17844.12,18753.5,18049.72,611.78,0.6083,0.3917,25147.11,20311.08
12,23,11,55616.76,20311.08,17551.55,17844.12,18568.91,1337.67,0.5653,0.4347,25147.11,19298.0
12,24,12,55616.76,19298.0,20311.08,17551.55,19053.54,1239.76,0.5446,0.4554,25147.11,24381.96
13,1,1,73184.78,47698.45,47115.57,53758.01,49524.01,3103.33,0.4751,0.5249,22669.48,44723.8
13,2,2,73184.78,44723.8,47698.45,47115.57,46512.61,1387.06,0.4694,0.5306,22669.48,39527.64
13,3,3,73184.78,39527.64,44723.8,47698.45,43983.3,3476.57,0.6128,0.3872,22669.48,38858.45
13,4,4,73184.78,38858.45,39527.64,44723.8,41036.63,2721.5,0.6142,0.3858,22669.48,36174.76
13,5,5,73184.78,36174.76,38858.45,39527.64,38186.95,1548.82,0.6161,0.3839,22669.48,31964.65
13,6,6,73184.78,31964.65,36174.76,38858.45,35665.95,2937.28,0.6578,0.3422,22669.48,31573.27
13,7,7,73184.78,31573.27,31964.65,36174.76,33237.56,2183.05,0.6009,0.3991,22669.48,28898.33
13,8,8,73184.78,28898.33,31573.27,31964.65,30812.08,1462.63,0.603,0.397,22669.48,30900.71
13,9,9,73184.78,30900.71,28898.33,31573.27,30457.44,1236.13,0.5231,0.4769,22669.48,29069.32
13,10,10,73184.78,29069.32,30900.71,28898.33,29622.79,1006.32,0.4822,0.5178,22669.48,29487.69
13,11,11,73184.78,29487.69,29069.32,30900.71,29819.24,883.56,0.5036,0.4964,22669.48,31129.27
13,12,12,73184.78,31129.27,29487.69,29069.32,29895.43,989.02,0.4936,0.5064,22669.48,34009.51
13,13,1,73184.78,34009.51,31129.27,29487.69,31542.16,1968.97,0.5412,0.4588,22669.48,29865.27
13,14,2,73184.78,29865.27,34009.51,31129.27,31668.02,1834.24,0.5887,0.4113,22669.48,25653.43
13,15,3,73184.78,25653.43,29865.27,34009.51,29842.74,3511.4,0.5002,0.4998,22669.48,27316.3
13,16,4,73184.78,27316.3,25653.43,29865.27,27611.66,1832.11,0.5135,0.4865,22669.48,27492.84
13,17,5,73184.78,27492.84,27316.3,25653.43,26820.86,928.64,0.6495,0.3505,22669.48,25551.58
13,18,6,73184.78,25551.58,27492.84,27316.3,26786.9,976.48,0.5412,0.4588,22669.48,25257.65
13,19,7,73184.78,25257.65,25551.58,27492.84,26100.69,1091.69,0.6287,0.3713,22669.48,26050.62
13,20,8,73184.78,26050.62,25257.65,25551.58,25619.95,427.32,0.6078,0.3922,22669.48,25257.65
13,21,9,73184.78,25257.65,26050.62,25257.65,25521.97,473.81,0.618,0.382,22669.48,25257.65
13,22,10,73184.78,25257.65,25257.65,26050.62,25521.97,473.81,0.5033,0.4967,22669.48,26440.28
13,23,11,73184.78,26440.28,25257.65,25257.65,25651.86,657.5,0.4728,0.5272,22669.48,28474.23
13,24,12,73184.78,28474.23,26440.28,25257.65,26724.05,1428.41,0.5014,0.4986,22669.48,31313.38
14,1,1,36422.09,24666.59,23715.33,22148.23,23510.05,1138.31,0.4579,0.5421,14027.55,21085.02
14,2,2,36422.09,21085.02,24666.59,23715.33,23155.65,1614.78,0.4878,0.5122,14027.55,16890.29
14,3,3,36422.09,16890.29,21085.02,24666.59,20880.63,3277.95,0.663,0.337,14027.55,16616.83
14,4,4,36422.09,16616.83,16890.29,21085.02,18197.38,2144.92,0.5706,0.4294,14027.55,15377.66
14,5,5,36422.09,15377.66,16616.83,16890.29,16294.93,758.14,0.5286,0.4714,14027.55,15057.19
14,6,6,36422.09,15057.19,15377.66,16616.83,15683.89,772.53,0.4596,0.5404,14027.55,13214.34
14,7,7,36422.09,13214.34,15057.19,15377.66,14549.73,1053.28,0.5058,0.4942,14027.55,13789.69
14,8,8,36422.09,13789.69,13214.34,15057.19,14020.41,869.82,0.5188,0.4812,14027.55,15255.32
14,9,9,36422.09,15255.32,13789.69,13214.34,14086.45,959.25,0.6367,0.3633,14027.55,13810.54
14,10,10,36422.09,13810.54,15255.32,13789.69,14285.19,786.04,0.5498,0.4502,14027.55,15508.1
14,11,11,36422.09,15508.1,13810.54,15255.32,14857.99,847.81,0.5902,0.4098,14027.55,17026.75
14,12,12,36422.09,17026.75,15508.1,13810.54,15448.47,1413.69,0.5981,0.4019,14027.55,16414.88
14,13,1,36422.09,16414.88,17026.75,15508.1,16316.58,723.87,0.4869,0.5131,14027.55,15430.93
14,14,2,36422.09,15430.93,16414.88,17026.75,16290.86,757.37,0.6336,0.3664,14027.55,13791.92
14,15,3,36422.09,13791.92,15430.93,16414.88,15212.58,1181.89,0.6713,0.3287,14027.55,13695.92
14,16,4,36422.09,13695.92,13791.92,15430.93,14306.26,896.23,0.5868,0.4132,14027.55,12246.77
14,17,5,36422.09,12246.77,13695.92,13791.92,13244.87,806.85,0.5476,0.4524,14027.55,12306.71
14,18,6,36422.09,12306.71,12246.77,13695.92,12749.8,769.46,0.4637,0.5363,14027.55,12821.87
14,19,7,36422.09,12821.87,12306.71,12246.77,12458.45,358.14,0.6267,0.3733,14027.55,14245.71
14,20,8,36422.09,14245.71,12821.87,12306.71,13124.76,920.06,0.464,0.536,14027.55,14466.46
14,21,9,36422.09,14466.46,14245.71,12821.87,13844.68,828.83,0.6073,0.3927,14027.55,16349.96
14,22,10,36422.09,16349.96,14466.46,14245.71,15020.71,1044.23,0.547,0.453,14027.55,15375.61
14,23,11,36422.09,15375.61,16349.96,14466.46,15397.34,869.09,0.6584,0.3416,14027.55,17394.0
14,24,12,36422.09,17394.0,15375.61,16349.96,16373.19,924.17,0.561,0.439,14027.55,17766.52
15,1,1,205075.66,106324.45,87436.41,87238.45,93666.44,9050.93,0.6382,0.3618,112546.97,85129.06
15,2,2,205075.66,85129.06,106324.45,87436.41,92963.31,9594.6,0.4393,0.5607,112546.97,62534.52
15,3,3,205075.66,62534.52,85129.06,106324.45,84662.68,17980.21,0.6327,0.3673,112546.97,61986.48
15,4,4,205075.66,61986.48,62534.52,85129.06,69883.35,10882.66,0.4326,0.5674,112546.97,56324.98
15,5,5,205075.66,56324.98,61986.48,62534.52,60281.99,2906.96,0.4217,0.5783,112546.97,55830.52
15,6,6,205075.66,55830.52,56324.98,61986.48,58047.33,2892.71,0.4557,0.5443,112546.97,56000.83
15,7,7,205075.66,56000.83,55830.52,56324.98,56052.11,305.09,0.584,0.416,112546.97,63809.75
15,8,8,205075.66,63809.75,56000.83,55830.52,58547.03,3821.95,0.4377,0.5623,112546.97,63257.58
15,9,9,205075.66,63257.58,63809.75,56000.83,61022.72,3658.16,0.4593,0.5407,112546.97,55438.16
15,10,10,205075.66,55438.16,63257.58,63809.75,60835.17,3922.91,0.4769,0.5231,112546.97,55883.71
15,11,11,205075.66,55883.71,55438.16,63257.58,58193.15,3685.71,0.5386,0.4614,112546.97,63703.44
15,12,12,205075.66,63703.44,55883.71,55438.16,58341.77,3895.63,0.4357,0.5643,112546.97,56994.03
15,13,1,205075.66,56994.03,63703.44,55883.71,58860.39,3554.42,0.5858,0.4142,112546.97,64831.37
15,14,2,205075.66,64831.37,56994.03,63703.44,61842.95,3559.48,0.6628,0.3372,112546.97,61953.05
15,15,3,205075.66,61953.05,64831.37,56994.03,61259.48,3336.95,0.6573,0.3427,112546.97,55460.01
15,16,4,205075.66,55460.01,61953.05,64831.37,60748.14,4019.56,0.5914,0.4086,112546.97,46264.35
15,17,5,205075.66,46264.35,55460.01,61953.05,54559.14,6536.49,0.4241,0.5759,112546.97,55897.8
15,18,6,205075.66,55897.8,46264.35,55460.01,52540.72,4541.66,0.5584,0.4416,112546.97,52027.27
15,19,7,205075.66,52027.27,55897.8,46264.35,51396.47,4058.05,0.5269,0.4731,112546.97,57151.75
15,20,8,205075.66,57151.75,52027.27,55897.8,55025.61,2281.07,0.4243,0.5757,112546.97,46264.35
15,21,9,205075.66,46264.35,57151.75,52027.27,51814.46,4547.31,0.6078,0.3922,112546.97,46264.35
15,22,10,205075.66,46264.35,46264.35,57151.75,49893.48,5232.37,0.5593,0.4407,112546.97,52985.88
15,23,11,205075.66,52985.88,46264.35,46264.35,48504.86,3268.56,0.4945,0.5055,112546.97,56416.33
15,24,12,205075.66,56416.33,52985.88,46264.35,51888.85,4316.5,0.5506,0.4494,112546.97,56315.62
16,1,1,192331.48,102684.14,92034.17,97863.19,97527.17,4454.32,0.6565,0.3435,93571.3,89096.81
16,2,2,192331.48,89096.81,102684.14,92034.17,94605.04,5937.29,0.4478,0.5522,93571.3,78851.97
16,3,3,192331.48,78851.97,89096.81,102684.14,90210.97,9861.29,0.445,0.555,93571.3,78801.96
16,4,4,192331.48,78801.96,78851.97,89096.81,82250.25,4941.3,0.4587,0.5413,93571.3,66633.16
16,5,5,192331.48,66633.16,78801.96,78851.97,74762.36,5848.25,0.4699,0.5301,93571.3,56484.39
16,6,6,192331.48,56484.39,66633.16,78801.96,67306.5,9223.54,0.5569,0.4431,93571.3,64709.0
16,7,7,192331.48,64709.0,56484.39,66633.16,62608.85,4501.32,0.632,0.368,93571.3,62236.52
16,8,8,192331.48,62236.52,64709.0,56484.39,61143.3,3545.52,0.4895,0.5105,93571.3,54803.05
16,9,9,192331.48,54803.05,62236.52,64709.0,60582.86,4309.75,0.5232,0.4768,93571.3,63496.11
16,10,10,192331.48,63496.11,54803.05,62236.52,60178.56,3935.68,0.517,0.483,93571.3,66980.47
16,11,11,192331.48,66980.47,63496.11,54803.05,61759.87,5220.76,0.5256,0.4744,93571.3,75782.36
16,12,12,192331.48,75782.36,66980.47,63496.11,68752.98,5270.06,0.5669,0.4331,93571.3,75983.25
16,13,1,192331.48,75983.25,75782.36,66980.47,72915.36,4297.4,0.6775,0.3225,93571.3,79867.52
16,14,2,192331.48,79867.52,75983.25,75782.36,77211.04,1980.2,0.4787,0.5213,93571.3,76408.43
16,15,3,192331.48,76408.43,79867.52,75983.25,77419.73,1839.53,0.5979,0.4021,93571.3,68860.39
16,16,4,192331.48,68860.39,76408.43,79867.52,75045.45,4695.83,0.6404,0.3596,93571.3,71163.42
16,17,5,192331.48,71163.42,68860.39,76408.43,72144.08,3258.53,0.59,0.41,93571.3,69695.03
16,18,6,192331.48,69695.03,71163.42,68860.39,69906.28,1052.0,0.6431,0.3569,93571.3,72269.21
16,19,7,192331.48,72269.21,69695.03,71163.42,71042.55,1154.37,0.6175,0.3825,93571.3,61221.77
16,20,8,192331.48,61221.77,72269.21,69695.03,67728.67,4819.56,0.4443,0.5557,93571.3,63906.38
16,21,9,192331.48,63906.38,61221.77,72269.21,65799.12,4804.49,0.5186,0.4814,93571.3,66665.53
16,22,10,192331.48,66665.53,63906.38,61221.77,63931.22,2322.47,0.5637,0.4363,93571.3,58524.73
16,23,11,192331.48,58524.73,66665.53,63906.38,63032.21,3480.46,0.4346,0.5654,93571.3,57346.82
16,24,12,192331.48,57346.82,58524.73,66665.53,60845.69,4243.25,0.4225,0.5775,93571.3,50850.95
17,1,1,46033.58,34124.1,36058.52,37596.75,35926.45,1520.78,0.5877,0.4123,11381.44,30721.71
17,2,2,46033.58,30721.71,34124.1,36058.52,33634.77,2306.05,0.5061,0.4939,11381.44,29194.98
17,3,3,46033.58,29194.98,30721.71,34124.1,31346.93,2160.3,0.6741,0.3259,11381.44,24630.41
17,4,4,46033.58,24630.41,29194.98,30721.71,28182.37,2687.79,0.6732,0.3268,11381.44,21010.23
17,5,5,46033.58,21010.23,24630.41,29194.98,24945.21,3448.81,0.6526,0.3474,11381.44,21134.51
17,6,6,46033.58,21134.51,21010.23,24630.41,22258.39,1778.04,0.659,0.341,11381.44,21180.4
17,7,7,46033.58,21180.4,21134.51,21010.23,21108.38,171.88,0.4797,0.5203,11381.44,20180.27
17,8,8,46033.58,20180.27,21180.4,21134.51,20831.72,561.03,0.6543,0.3457,11381.44,17326.07
17,9,9,46033.58,17326.07,20180.27,21180.4,19562.24,1733.08,0.6,0.4,11381.44,17802.47
17,10,10,46033.58,17802.47,17326.07,20180.27,18436.27,1348.44,0.5674,0.4326,11381.44,17554.98
17,11,11,46033.58,17554.98,17802.47,17326.07,17561.17,294.54,0.4905,0.5095,11381.44,20862.04
17,12,12,46033.58,20862.04,17554.98,17802.47,18739.83,1604.03,0.6603,0.3397,11381.44,22439.28
17,13,1,46033.58,22439.28,20862.04,17554.98,20285.44,2135.27,0.598,0.402,11381.44,19030.04
17,14,2,46033.58,19030.04,22439.28,20862.04,20777.12,1493.11,0.4929,0.5071,11381.44,17326.07
17,15,3,46033.58,17326.07,19030.04,22439.28,19598.46,2225.81,0.5612,0.4388,11381.44,17326.07
17,16,4,46033.58,17326.07,17326.07,19030.04,17894.06,903.26,0.5911,0.4089,11381.44,17379.8
17,17,5,46033.58,17379.8,17326.07,17326.07,17343.98,125.33,0.4666,0.5334,11381.44,18961.51
17,18,6,46033.58,18961.51,17379.8,17326.07,17889.13,858.61,0.6411,0.3589,11381.44,17326.07
17,19,7,46033.58,17326.07,18961.51,17379.8,17889.13,858.61,0.4241,0.5759,11381.44,18330.52
17,20,8,46033.58,18330.52,17326.07,18961.51,18206.03,773.45,0.4739,0.5261,11381.44,17326.07
17,21,9,46033.58,17326.07,18330.52,17326.07,17660.88,573.5,0.4575,0.5425,11381.44,17326.07
17,22,10,46033.58,17326.07,17326.07,18330.52,17660.88,573.5,0.6334,0.3666,11381.44,19308.81
17,23,11,46033.58,19308.81,17326.07,17326.07,17986.98,1034.67,0.6334,0.3666,11381.44,18730.47
17,24,12,46033.58,18730.47,19308.81,17326.07,18455.11,932.54,0.6615,0.3385,11381.44,19472.52
18,1,1,70545.94,39780.75,48636.04,43233.55,43883.45,3744.25,0.637,0.363,27411.13,34878.96
18,2,2,70545.94,34878.96,39780.75,48636.04,41098.59,5793.08,0.5212,0.4788,27411.13,31902.88
18,3,3,70545.94,31902.88,34878.96,39780.75,35520.87,3348.0,0.6531,0.3469,27411.13,30165.82
18,4,4,70545.94,30165.82,31902.88,34878.96,32315.89,2046.17,0.5062,0.4938,27411.13,28173.89
18,5,5,70545.94,28173.89,30165.82,31902.88,30080.86,1623.54,0.6165,0.3835,27411.13,28596.29
18,6,6,70545.94,28596.29,28173.89,30165.82,28978.67,956.97,0.4564,0.5436,27411.13,28834.44
18,7,7,70545.94,28834.44,28596.29,28173.89,28534.87,373.14,0.677,0.323,27411.13,25733.27
18,8,8,70545.94,25733.27,28834.44,28596.29,27721.33,1509.13,0.6083,0.3917,27411.13,23908.16
18,9,9,70545.94,23908.16,25733.27,28834.44,26158.62,2133.51,0.5502,0.4498,27411.13,23316.38
18,10,10,70545.94,23316.38,23908.16,25733.27,24319.27,1128.62,0.6733,0.3267,27411.13,21567.41
18,11,11,70545.94,21567.41,23316.38,23908.16,22930.65,1093.77,0.434,0.566,27411.13,21567.41
18,12,12,70545.94,21567.41,21567.41,23316.38,22150.4,924.48,0.5336,0.4664,27411.13,28012.48
18,13,1,70545.94,28012.48,21567.41,21567.41,23715.76,3138.24,0.6381,0.3619,27411.13,29210.5
18,14,2,70545.94,29210.5,28012.48,21567.41,26263.46,3456.44,0.5086,0.4914,27411.13,24396.1
18,15,3,70545.94,24396.1,29210.5,28012.48,27206.36,2146.46,0.6199,0.3801,27411.13,25887.83
18,16,4,70545.94,25887.83,24396.1,29210.5,26498.15,2112.29,0.6683,0.3317,27411.13,25768.82
18,17,5,70545.94,25768.82,25887.83,24396.1,25350.92,776.9,0.5231,0.4769,27411.13,32032.78
18,18,6,70545.94,32032.78,25768.82,25887.83,27896.47,3025.21,0.6211,0.3789,27411.13,31049.9
18,19,7,70545.94,31049.9,32032.78,25768.82,29617.17,2850.62,0.4277,0.5723,27411.13,28065.94
18,20,8,70545.94,28065.94,31049.9,32032.78,30382.87,1786.74,0.4911,0.5089,27411.13,24861.73
18,21,9,70545.94,24861.73,28065.94,31049.9,27992.52,2626.84,0.6781,0.3219,27411.13,21567.41
18,22,10,70545.94,21567.41,24861.73,28065.94,24831.69,2753.1,0.5476,0.4524,27411.13,25726.09
18,23,11,70545.94,25726.09,21567.41,24861.73,24051.74,1891.78,0.5125,0.4875,27411.13,25137.22
18,24,12,70545.94,25137.22,25726.09,21567.41,24143.57,1937.42,0.6647,0.3353,27411.13,23059.49
19,1,1,94643.45,56706.08,55031.42,65690.88,59142.79,4780.4,0.5188,0.4812,35448.06,53791.76
19,2,2,94643.45,53791.76,56706.08,55031.42,55176.42,1294.18,0.6208,0.3792,35448.06,45445.78
19,3,3,94643.45,45445.78,53791.76,56706.08,51981.2,4871.94,0.4968,0.5032,35448.06,48355.97
19,4,4,94643.45,48355.97,45445.78,53791.76,49197.84,3558.84,0.4841,0.5159,35448.06,44345.02
19,5,5,94643.45,44345.02,48355.97,45445.78,46048.93,1792.09,0.4391,0.5609,35448.06,38440.52
19,6,6,94643.45,38440.52,44345.02,48355.97,43713.84,4172.5,0.4897,0.5103,35448.06,42821.08
19,7,7,94643.45,42821.08,38440.52,44345.02,41868.87,2602.77,0.5188,0.4812,35448.06,41159.25
19,8,8,94643.45,41159.25,42821.08,38440.52,40806.95,1905.62,0.6238,0.3762,35448.06,34862.92
19,9,9,94643.45,34862.92,41159.25,42821.08,39614.42,3527.63,0.4601,0.5399,35448.06,34301.57
19,10,10,94643.45,34301.57,34862.92,41159.25,36774.58,3208.89,0.5213,0.4787,35448.06,34692.6
19,11,11,94643.45,34692.6,34301.57,34862.92,34619.03,335.0,0.5138,0.4862,35448.06,32352.3
19,12,12,94643.45,32352.3,34692.6,34301.57,33782.16,1123.59,0.4438,0.5562,35448.06,39365.69
19,13,1,94643.45,39365.69,32352.3,34692.6,35470.2,3015.52,0.6652,0.3348,35448.06,42231.71
19,14,2,94643.45,42231.71,39365.69,32352.3,37983.24,4250.03,0.5356,0.4644,35448.06,31391.02
19,15,3,94643.45,31391.02,42231.71,39365.69,37662.81,4686.58,0.618,0.382,35448.06,34574.52
19,16,4,94643.45,34574.52,31391.02,42231.71,36065.75,4649.58,0.4466,0.5534,35448.06,31650.5
19,17,5,94643.45,31650.5,34574.52,31391.02,32538.68,1543.45,0.4427,0.5573,35448.06,29799.0
19,18,6,94643.45,29799.0,31650.5,34574.52,32008.01,2065.92,0.5321,0.4679,35448.06,29597.69
19,19,7,94643.45,29597.69,29799.0,31650.5,30349.07,1023.92,0.5648,0.4352,35448.06,29597.69
19,20,8,94643.45,29597.69,29597.69,29799.0,29664.8,194.9,0.5532,0.4468,35448.06,29776.6
19,21,9,94643.45,29776.6,29597.69,29597.69,29657.33,184.34,0.4469,0.5531,35448.06,29597.69
19,22,10,94643.45,29597.69,29776.6,29597.69,29657.33,184.34,0.4433,0.5567,35448.06,34167.72
19,23,11,94643.45,34167.72,29597.69,29776.6,31180.67,2213.43,0.5641,0.4359,35448.06,35917.01
19,24,12,94643.45,35917.01,34167.72,29597.69,33227.47,2764.14,0.5752,0.4248,35448.06,36801.83
20,1,1,83694.72,38075.06,39001.28,42731.34,39935.89,2112.52,0.5276,0.4724,43078.48,35534.23
20,2,2,83694.72,35534.23,38075.06,39001.28,37536.86,1565.69,0.6226,0.3774,43078.48,28288.89
20,3,3,83694.72,28288.89,35534.23,38075.06,33966.06,4246.21,0.6085,0.3915,43078.48,28201.51
20,4,4,83694.72,28201.51,28288.89,35534.23,30674.88,3536.27,0.5655,0.4345,43078.48,28802.97
20,5,5,83694.72,28802.97,28201.51,28288.89,28431.12,365.34,0.6781,0.3219,43078.48,22653.52
20,6,6,83694.72,22653.52,28802.97,28201.51,26552.67,2868.03,0.4831,0.5169,43078.48,24486.45
20,7,7,83694.72,24486.45,22653.52,28802.97,25314.31,2677.85,0.5555,0.4445,43078.48,22125.15
20,8,8,83694.72,22125.15,24486.45,22653.52,23088.37,1111.85,0.5982,0.4018,43078.48,23328.2
20,9,9,83694.72,23328.2,22125.15,24486.45,23313.27,1064.05,0.4641,0.5359,43078.48,20767.38
20,10,10,83694.72,20767.38,23328.2,22125.15,22073.58,1146.09,0.4899,0.5101,43078.48,20308.12
20,11,11,83694.72,20308.12,20767.38,23328.2,21467.9,1428.73,0.4898,0.5102,43078.48,20308.12
20,12,12,83694.72,20308.12,20308.12,20767.38,20461.21,316.5,0.4579,0.5421,43078.48,22922.35
20,13,1,83694.72,22922.35,20308.12,20308.12,21179.53,1332.36,0.4635,0.5365,43078.48,22430.28
20,14,2,83694.72,22430.28,22922.35,20308.12,21886.92,1234.31,0.4918,0.5082,43078.48,20308.12
20,15,3,83694.72,20308.12,22430.28,22922.35,21886.92,1234.31,0.4979,0.5021,43078.48,22282.81
20,16,4,83694.72,22282.81,20308.12,22430.28,21673.74,1067.51,0.6235,0.3765,43078.48,20308.12
20,17,5,83694.72,20308.12,22282.81,20308.12,20966.35,1030.88,0.5139,0.4861,43078.48,20333.83
20,18,6,83694.72,20333.83,20308.12,22282.81,20974.92,1024.87,0.6655,0.3345,43078.48,20308.12
20,19,7,83694.72,20308.12,20333.83,20308.12,20316.69,112.12,0.6074,0.3926,43078.48,20308.12
20,20,8,83694.72,20308.12,20308.12,20333.83,20316.69,112.12,0.5489,0.4511,43078.48,20424.28
20,21,9,83694.72,20424.28,20308.12,20308.12,20346.84,154.76,0.5803,0.4197,43078.48,20308.12
20,22,10,83694.72,20308.12,20424.28,20308.12,20346.84,154.76,0.539,0.461,43078.48,21723.55
20,23,11,83694.72,21723.55,20308.12,20424.28,20818.65,741.62,0.4552,0.5448,43078.48,26371.05
20,24,12,83694.72,26371.05,21723.55,20308.12,22800.91,2689.76,0.4218,0.5782,43078.48,25235.58
21,1,1,98305.43,62890.49,55323.7,61712.82,59975.67,3424.39,0.6291,0.3709,38632.36,58898.57
21,2,2,98305.43,58898.57,62890.49,55323.7,59037.59,3190.69,0.5057,0.4943,38632.36,41177.81
21,3,3,98305.43,41177.81,58898.57,62890.49,54322.29,9536.34,0.507,0.493,38632.36,39506.6
21,4,4,98305.43,39506.6,41177.81,58898.57,46527.66,8874.12,0.632,0.368,38632.36,41056.02
21,5,5,98305.43,41056.02,39506.6,41177.81,40580.14,860.73,0.6435,0.3565,38632.36,37560.05
21,6,6,98305.43,37560.05,41056.02,39506.6,39374.23,1530.29,0.6733,0.3267,38632.36,37439.16
21,7,7,98305.43,37439.16,37560.05,41056.02,38685.08,1777.24,0.4554,0.5446,38632.36,33970.24
21,8,8,98305.43,33970.24,37439.16,37560.05,36323.15,1764.49,0.5034,0.4966,38632.36,33922.71
21,9,9,98305.43,33922.71,33970.24,37439.16,35110.7,1746.58,0.6663,0.3337,38632.36,32760.93
21,10,10,98305.43,32760.93,33922.71,33970.24,33551.29,659.21,0.4722,0.5278,38632.36,40470.15
21,11,11,98305.43,40470.15,32760.93,33922.71,35717.93,3493.63,0.5017,0.4983,38632.36,41918.29
21,12,12,98305.43,41918.29,40470.15,32760.93,38383.12,4119.21,0.6708,0.3292,38632.36,43840.06
21,13,1,98305.43,43840.06,41918.29,40470.15,42076.17,1480.28,0.6719,0.3281,38632.36,38626.13
21,14,2,98305.43,38626.13,43840.06,41918.29,41461.5,2252.95,0.4958,0.5042,38632.36,33559.34
21,15,3,98305.43,33559.34,38626.13,43840.06,38675.18,4297.23,0.6007,0.3993,38632.36,32670.86
21,16,4,98305.43,32670.86,33559.34,38626.13,34952.11,2723.12,0.5477,0.4523,38632.36,33931.07
21,17,5,98305.43,33931.07,32670.86,33559.34,33387.09,628.7,0.5697,0.4303,38632.36,31406.82
21,18,6,98305.43,31406.82,33931.07,32670.86,32669.58,1130.52,0.483,0.517,38632.36,32339.78
21,19,7,98305.43,32339.78,31406.82,33931.07,32559.22,1142.14,0.5178,0.4822,38632.36,38649.27
21,20,8,98305.43,38649.27,32339.78,31406.82,34131.96,3316.85,0.6323,0.3677,38632.36,38144.08
21,21,9,98305.43,38144.08,38649.27,32339.78,36377.71,2962.69,0.5222,0.4778,38632.36,34579.81
21,22,10,98305.43,34579.81,38144.08,38649.27,37124.38,1911.07,0.4496,0.5504,38632.36,42692.06
21,23,11,98305.43,42692.06,34579.81,38144.08,38471.98,3419.92,0.5666,0.4334,38632.36,41527.88
21,24,12,98305.43,41527.88,42692.06,34579.81,39599.92,3681.43,0.574,0.426,38632.36,35231.07
22,1,1,132297.45,74877.5,70650.24,78094.71,74540.82,3148.5,0.427,0.573,52480.33,66468.04
22,2,2,132297.45,66468.04,74877.5,70650.24,70665.26,3533.16,0.6091,0.3909,52480.33,64211.42
22,3,3,132297.45,64211.42,66468.04,74877.5,68518.99,4689.56,0.6652,0.3348,52480.33,60957.95
22,4,4,132297.45,60957.95,64211.42,66468.04,63879.14,2361.72,0.4745,0.5255,52480.33,55803.81
22,5,5,132297.45,55803.81,60957.95,64211.42,60324.39,3561.51,0.6274,0.3726,52480.33,56738.21
22,6,6,132297.45,56738.21,55803.81,60957.95,57833.32,2342.13,0.6361,0.3639,52480.33,43718.96
22,7,7,132297.45,43718.96,56738.21,55803.81,52086.99,6029.38,0.438,0.562,52480.33,46137.09
22,8,8,132297.45,46137.09,43718.96,56738.21,48864.76,5754.22,0.6404,0.3596,52480.33,48643.63
22,9,9,132297.45,48643.63,46137.09,43718.96,46166.56,2110.59,0.6267,0.3733,52480.33,39908.56
22,10,10,132297.45,39908.56,48643.63,46137.09,44896.43,3772.4,0.595,0.405,52480.33,51642.0
22,11,11,132297.45,51642.0,39908.56,48643.63,46731.4,5077.34,0.4562,0.5438,52480.33,54737.41
22,12,12,132297.45,54737.41,51642.0,39908.56,48762.66,6487.05,0.4987,0.5013,52480.33,53492.71
22,13,1,132297.45,53492.71,54737.41,51642.0,53290.71,1371.74,0.4857,0.5143,52480.33,52833.64
22,14,2,132297.45,52833.64,53492.71,54737.41,53687.92,889.38,0.4601,0.5399,52480.33,55937.27
22,15,3,132297.45,55937.27,52833.64,53492.71,54087.87,1435.11,0.53,0.47,52480.33,52336.38
22,16,4,132297.45,52336.38,55937.27,52833.64,53702.43,1693.25,0.518,0.482,52480.33,50778.73
22,17,5,132297.45,50778.73,52336.38,55937.27,53017.46,2260.33,0.5368,0.4632,52480.33,46867.42
22,18,6,132297.45,46867.42,50778.73,52336.38,49994.18,2400.59,0.5755,0.4245,52480.33,42503.44
22,19,7,132297.45,42503.44,46867.42,50778.73,46716.53,3480.06,0.5714,0.4286,52480.33,46547.74
22,20,8,132297.45,46547.74,42503.44,46867.42,45306.2,2086.14,0.5589,0.4411,52480.33,41011.15
22,21,9,132297.45,41011.15,46547.74,42503.44,43354.11,2438.97,0.6601,0.3399,52480.33,41703.14
22,22,10,132297.45,41703.14,41011.15,46547.74,43087.34,2563.12,0.6461,0.3539,52480.33,44412.32
22,23,11,132297.45,44412.32,41703.14,41011.15,42375.54,1567.67,0.5288,0.4712,52480.33,50145.57
22,24,12,132297.45,50145.57,44412.32,41703.14,45420.34,3619.54,0.4296,0.5704,52480.33,53499.05
23,1,1,80655.64,52352.87,48019.71,48692.11,49688.23,2004.08,0.5744,0.4256,31207.88,42626.78
23,2,2,80655.64,42626.78,52352.87,48019.71,47666.45,4078.51,0.6577,0.3423,31207.88,36354.4
23,3,3,80655.64,36354.4,42626.78,52352.87,43778.02,6681.88,0.4484,0.5516,31207.88,36547.21
23,4,4,80655.64,36547.21,36354.4,42626.78,38509.46,3012.45,0.4845,0.5155,31207.88,36075.81
23,5,5,80655.64,36075.81,36547.21,36354.4,36325.8,293.51,0.5928,0.4072,31207.88,31208.15
23,6,6,80655.64,31208.15,36075.81,36547.21,34610.39,2513.43,0.4632,0.5368,31207.88,32691.61
23,7,7,80655.64,32691.61,31208.15,36075.81,33325.19,2137.09,0.5793,0.4207,31207.88,34210.29
23,8,8,80655.64,34210.29,32691.61,31208.15,32703.35,1325.65,0.5664,0.4336,31207.88,32503.85
23,9,9,80655.64,32503.85,34210.29,32691.61,33135.25,864.02,0.5877,0.4123,31207.88,35317.76
23,10,10,80655.64,35317.76,32503.85,34210.29,34010.63,1257.42,0.5882,0.4118,31207.88,34218.39
23,11,11,80655.64,34218.39,35317.76,32503.85,34013.33,1257.89,0.6714,0.3286,31207.88,32362.54
23,12,12,80655.64,32362.54,34218.39,35317.76,33966.23,1319.57,0.5062,0.4938,31207.88,29914.49
23,13,1,80655.64,29914.49,32362.54,34218.39,32165.14,1862.6,0.627,0.373,31207.88,32889.43
23,14,2,80655.64,32889.43,29914.49,32362.54,31722.15,1396.18,0.4475,0.5525,31207.88,30242.94
23,15,3,80655.64,30242.94,32889.43,29914.49,31015.62,1431.75,0.4456,0.5544,31207.88,29001.31
23,16,4,80655.64,29001.31,30242.94,32889.43,30711.23,1721.49,0.4777,0.5223,31207.88,29125.43
23,17,5,80655.64,29125.43,29001.31,30242.94,29456.56,658.36,0.6142,0.3858,31207.88,25460.6
23,18,6,80655.64,25460.6,29125.43,29001.31,27862.45,1799.12,0.5651,0.4349,31207.88,31826.11
23,19,7,80655.64,31826.11,25460.6,29125.43,28804.05,2708.63,0.5988,0.4012,31207.88,29585.53
23,20,8,80655.64,29585.53,31826.11,25460.6,28957.41,2736.39,0.4775,0.5225,31207.88,28505.41
23,21,9,80655.64,28505.41,29585.53,31826.11,29972.35,1482.99,0.5173,0.4827,31207.88,29750.42
23,22,10,80655.64,29750.42,28505.41,29585.53,29280.45,652.16,0.5404,0.4596,31207.88,33114.91
23,23,11,80655.64,33114.91,29750.42,28505.41,30456.91,2047.0,0.5967,0.4033,31207.88,34601.44
23,24,12,80655.64,34601.44,33114.91,29750.42,32488.92,2129.28,0.5995,0.4005,31207.88,33311.25
24,1,1,49312.09,29272.72,32037.41,30985.66,30765.26,1239.39,0.4472,0.5528,20963.45,28743.57
24,2,2,49312.09,28743.57,29272.72,32037.41,30017.9,1544.26,0.5282,0.4718,20963.45,23260.22
24,3,3,49312.09,23260.22,28743.57,29272.72,27092.17,2818.19,0.67,0.33,20963.45,20490.02
24,4,4,49312.09,20490.02,23260.22,28743.57,24164.6,3529.65,0.4502,0.5498,20963.45,19791.81
24,5,5,49312.09,19791.81,20490.02,23260.22,21180.68,1597.83,0.6646,0.3354,20963.45,18926.12
24,6,6,49312.09,18926.12,19791.81,20490.02,19735.98,739.68,0.4568,0.5432,20963.45,19850.69
24,7,7,49312.09,19850.69,18926.12,19791.81,19522.87,522.65,0.5011,0.4989,20963.45,15553.23
24,8,8,49312.09,15553.23,19850.69,18926.12,18110.01,1946.9,0.5384,0.4616,20963.45,18507.84
24,9,9,49312.09,18507.84,15553.23,19850.69,17970.59,1895.09,0.4738,0.5262,20963.45,17051.91
24,10,10,49312.09,17051.91,18507.84,15553.23,17037.66,1306.25,0.5456,0.4544,20963.45,17516.95
24,11,11,49312.09,17516.95,17051.91,18507.84,17692.23,707.16,0.5438,0.4562,20963.45,16871.08
24,12,12,49312.09,16871.08,17516.95,17051.91,17146.65,372.05,0.5339,0.4661,20963.45,15143.36
24,13,1,49312.09,15143.36,16871.08,17516.95,16510.47,1102.0,0.6012,0.3988,20963.45,16676.51
24,14,2,49312.09,16676.51,15143.36,16871.08,16230.32,872.69,0.5029,0.4971,20963.45,15109.77
24,15,3,49312.09,15109.77,16676.51,15143.36,15643.21,830.78,0.4981,0.5019,20963.45,14174.32
24,16,4,49312.09,14174.32,15109.77,16676.51,15320.2,1132.29,0.6306,0.3694,20963.45,14174.32
24,17,5,49312.09,14174.32,14174.32,15109.77,14486.14,540.97,0.4499,0.5501,20963.45,14174.32
24,18,6,49312.09,14174.32,14174.32,14174.32,14174.32,100.0,0.6408,0.3592,20963.45,16978.28
24,19,7,49312.09,16978.28,14174.32,14174.32,15108.97,1421.8,0.5885,0.4115,20963.45,15345.81
24,20,8,49312.09,15345.81,16978.28,14174.32,15499.47,1249.86,0.5961,0.4039,20963.45,14174.32
24,21,9,49312.09,14174.32,15345.81,16978.28,15499.47,1249.86,0.4627,0.5373,20963.45,14174.32
24,22,10,49312.09,14174.32,14174.32,15345.81,14564.82,652.24,0.6758,0.3242,20963.45,15484.54
24,23,11,49312.09,15484.54,14174.32,14174.32,14611.06,717.64,0.4834,0.5166,20963.45,14174.32
24,24,12,49312.09,14174.32,15484.54,14174.32,14611.06,717.64,0.4654,0.5346,20963.45,15910.04
25,1,1,49137.37,30981.89,32799.08,35058.47,32946.48,1767.52,0.5401,0.4599,17702.85,29761.09
25,2,2,49137.37,29761.09,30981.89,32799.08,31180.69,1348.2,0.6274,0.3726,17702.85,24756.14
25,3,3,49137.37,24756.14,29761.09,30981.89,28499.71,2793.61,0.5837,0.4163,17702.85,21776.05
25,4,4,49137.37,21776.05,24756.14,29761.09,25431.09,3394.63,0.4685,0.5315,17702.85,25668.59
25,5,5,49137.37,25668.59,21776.05,24756.14,24066.93,1762.18,0.5909,0.4091,17702.85,22931.29
25,6,6,49137.37,22931.29,25668.59,21776.05,23458.65,1732.29,0.5229,0.4771,17702.85,21370.99
25,7,7,49137.37,21370.99,22931.29,25668.59,23323.62,1876.29,0.6117,0.3883,17702.85,20520.3
25,8,8,49137.37,20520.3,21370.99,22931.29,21607.53,1098.39,0.6496,0.3504,17702.85,20004.78
25,9,9,49137.37,20004.78,20520.3,21370.99,20632.02,663.32,0.5369,0.4631,17702.85,18908.87
25,10,10,49137.37,18908.87,20004.78,20520.3,19811.32,771.93,0.5317,0.4683,17702.85,19523.64
25,11,11,49137.37,19523.64,18908.87,20004.78,19479.1,548.51,0.4212,0.5788,17702.85,19800.38
25,12,12,49137.37,19800.38,19523.64,18908.87,19410.96,472.57,0.4758,0.5242,17702.85,20895.13
25,13,1,49137.37,20895.13,19800.38,19523.64,20073.05,692.18,0.4924,0.5076,17702.85,18509.31
25,14,2,49137.37,18509.31,20895.13,19800.38,19734.94,1075.11,0.603,0.397,17702.85,15965.72
25,15,3,49137.37,15965.72,18509.31,20895.13,18456.72,2112.77,0.627,0.373,17702.85,16782.37
25,16,4,49137.37,16782.37,15965.72,18509.31,17085.8,1160.35,0.5701,0.4299,17702.85,16183.34
25,17,5,49137.37,16183.34,16782.37,15965.72,16310.48,445.3,0.6279,0.3721,17702.85,18633.79
25,18,6,49137.37,18633.79,16183.34,16782.37,17199.84,1143.03,0.5596,0.4404,17702.85,15717.26
25,19,7,49137.37,15717.26,18633.79,16183.34,16844.8,1379.24,0.5151,0.4849,17702.85,17866.7
25,20,8,49137.37,17866.7,15717.26,18633.79,17405.92,1334.44,0.4712,0.5288,17702.85,19315.24
25,21,9,49137.37,19315.24,17866.7,15717.26,17633.07,1578.13,0.4496,0.5504,17702.85,15717.26
25,22,10,49137.37,15717.26,19315.24,17866.7,17633.07,1578.13,0.5944,0.4056,17702.85,17559.33
25,23,11,49137.37,17559.33,15717.26,19315.24,17530.61,1569.01,0.5473,0.4527,17702.85,18463.39
25,24,12,49137.37,18463.39,17559.33,15717.26,17246.66,1242.7,0.6711,0.3289,17702.85,16910.89
26,1,1,78693.2,45050.96,44119.23,52135.2,47101.8,3679.42,0.5726,0.4274,31464.36,42726.05
26,2,2,78693.2,42726.05,45050.96,44119.23,43965.41,1055.35,0.5105,0.4895,31464.36,39045.73
26,3,3,78693.2,39045.73,42726.05,45050.96,42274.25,2572.35,0.6398,0.3602,31464.36,37978.22
26,4,4,78693.2,37978.22,39045.73,42726.05,39916.67,2133.78,0.5805,0.4195,31464.36,32363.95
26,5,5,78693.2,32363.95,37978.22,39045.73,36462.63,3030.79,0.6316,0.3684,31464.36,30152.84
26,6,6,78693.2,30152.84,32363.95,37978.22,33498.34,3393.86,0.6036,0.3964,31464.36,30694.86
26,7,7,78693.2,30694.86,30152.84,32363.95,31070.55,1040.96,0.4973,0.5027,31464.36,26167.64
26,8,8,78693.2,26167.64,30694.86,30152.84,29005.12,2118.56,0.5798,0.4202,31464.36,28060.56
26,9,9,78693.2,28060.56,26167.64,30694.86,28307.69,1956.47,0.442,0.558,31464.36,26485.9
26,10,10,78693.2,26485.9,28060.56,26167.64,26904.7,927.58,0.4548,0.5452,31464.36,28016.17
26,11,11,78693.2,28016.17,26485.9,28060.56,27520.88,832.06,0.4506,0.5494,31464.36,31950.66
26,12,12,78693.2,31950.66,28016.17,26485.9,28817.58,2401.82,0.4994,0.5006,31464.36,33755.6
26,13,1,78693.2,33755.6,31950.66,28016.17,31240.81,2496.27,0.4676,0.5324,31464.36,29751.26
26,14,2,78693.2,29751.26,33755.6,31950.66,31819.17,1737.41,0.6003,0.3997,31464.36,29741.44
26,15,3,78693.2,29741.44,29751.26,33755.6,31082.77,1989.99,0.5528,0.4472,31464.36,26051.97
26,16,4,78693.2,26051.97,29741.44,29751.26,28514.89,1841.55,0.5287,0.4713,31464.36,27634.82
26,17,5,78693.2,27634.82,26051.97,29741.44,27809.41,1611.27,0.4558,0.5442,31464.36,28142.25
26,18,6,78693.2,28142.25,27634.82,26051.97,27276.35,990.2,0.5198,0.4802,31464.36,26070.21
26,19,7,78693.2,26070.21,28142.25,27634.82,27282.43,981.85,0.4683,0.5317,31464.36,26602.96
26,20,8,78693.2,26602.96,26070.21,28142.25,26938.48,978.55,0.5852,0.4148,31464.36,23614.42
26,21,9,78693.2,23614.42,26602.96,26070.21,25429.2,1401.54,0.6003,0.3997,31464.36,26340.22
26,22,10,78693.2,26340.22,23614.42,26602.96,25519.2,1451.15,0.5878,0.4122,31464.36,28013.87
26,23,11,78693.2,28013.87,26340.22,23614.42,25989.5,1913.11,0.68,0.32,31464.36,28153.04
26,24,12,78693.2,28153.04,28013.87,26340.22,27502.38,923.73,0.5643,0.4357,31464.36,32927.11
27,1,1,97220.87,50932.69,48221.84,47651.39,48935.31,1531.44,0.6389,0.3611,43576.46,46586.74
27,2,2,97220.87,46586.74,50932.69,48221.84,48580.42,1892.25,0.581,0.419,43576.46,35885.5
27,3,3,97220.87,35885.5,46586.74,50932.69,44468.31,6422.99,0.645,0.355,43576.46,41904.32
27,4,4,97220.87,41904.32,35885.5,46586.74,41458.85,4480.1,0.6675,0.3325,43576.46,31289.51
27,5,5,97220.87,31289.51,41904.32,35885.5,36359.78,4446.43,0.546,0.454,43576.46,37235.34
27,6,6,97220.87,37235.34,31289.51,41904.32,36809.72,4443.91,0.4707,0.5293,43576.46,35313.37
27,7,7,97220.87,35313.37,37235.34,31289.51,34612.74,2577.41,0.5198,0.4802,43576.46,32760.16
27,8,8,97220.87,32760.16,35313.37,37235.34,35102.96,1933.03,0.566,0.434,43576.46,30192.8
27,9,9,97220.87,30192.8,32760.16,35313.37,32755.45,2190.47,0.5898,0.4102,43576.46,31418.55
27,10,10,97220.87,31418.55,30192.8,32760.16,31457.17,1148.48,0.5264,0.4736,43576.46,33826.29
27,11,11,97220.87,33826.29,31418.55,30192.8,31812.55,1609.3,0.5478,0.4522,43576.46,39449.04
27,12,12,97220.87,39449.04,33826.29,31418.55,34897.96,3464.87,0.6046,0.3954,43576.46,39783.8
27,13,1,97220.87,39783.8,39449.04,33826.29,37686.38,2832.91,0.5354,0.4646,43576.46,36581.74
27,14,2,97220.87,36581.74,39783.8,39449.04,38604.86,1537.08,0.4635,0.5365,43576.46,31589.64
27,15,3,97220.87,31589.64,36581.74,39783.8,35985.06,3471.75,0.567,0.433,43576.46,31488.25
27,16,4,97220.87,31488.25,31589.64,36581.74,33219.88,2477.55,0.6269,0.3731,43576.46,31869.0
27,17,5,97220.87,31869.0,31488.25,31589.64,31648.97,261.0,0.4773,0.5227,43576.46,26822.21
27,18,6,97220.87,26822.21,31869.0,31488.25,30059.82,2394.61,0.4285,0.5715,43576.46,26822.21
27,19,7,97220.87,26822.21,26822.21,31869.0,28504.47,2479.08,0.4785,0.5215,43576.46,29746.01
27,20,8,97220.87,29746.01,26822.21,26822.21,27796.81,1478.3,0.4951,0.5049,43576.46,29062.38
27,21,9,97220.87,29062.38,29746.01,26822.21,28543.53,1348.75,0.623,0.377,43576.46,27772.31
27,22,10,97220.87,27772.31,29062.38,29746.01,28860.23,918.34,0.5671,0.4329,43576.46,31258.91
27,23,11,97220.87,31258.91,27772.31,29062.38,29364.53,1539.34,0.6209,0.3791,43576.46,34507.98
27,24,12,97220.87,34507.98,31258.91,27772.31,31179.73,2850.39,0.5488,0.4512,43576.46,33544.31
28,1,1,129962.38,64242.03,69015.36,63261.69,65506.36,2613.31,0.6215,0.3785,61906.67,59059.3
28,2,2,129962.38,59059.3,64242.03,69015.36,64105.56,4165.69,0.6341,0.3659,61906.67,44475.03
28,3,3,129962.38,44475.03,59059.3,64242.03,55925.45,8468.57,0.5154,0.4846,61906.67,49496.28
28,4,4,129962.38,49496.28,44475.03,59059.3,51010.2,6149.48,0.6339,0.3661,61906.67,48192.67
28,5,5,129962.38,48192.67,49496.28,44475.03,47387.99,2227.42,0.4308,0.5692,61906.67,45643.13
28,6,6,129962.38,45643.13,48192.67,49496.28,47777.36,1700.22,0.6069,0.3931,61906.67,47580.35
28,7,7,129962.38,47580.35,45643.13,48192.67,47138.72,1186.68,0.5621,0.4379,61906.67,51199.09
28,8,8,129962.38,51199.09,47580.35,45643.13,48140.86,2402.58,0.6773,0.3227,61906.67,50482.04
28,9,9,129962.38,50482.04,51199.09,47580.35,49753.83,1664.51,0.4466,0.5534,61906.67,38597.47
28,10,10,129962.38,38597.47,50482.04,51199.09,46759.53,5878.87,0.6358,0.3642,61906.67,38541.35
28,11,11,129962.38,38541.35,38597.47,50482.04,42540.28,5715.72,0.6153,0.3847,61906.67,40268.0
28,12,12,129962.38,40268.0,38541.35,38597.47,39135.6,901.05,0.4974,0.5026,61906.67,43190.43
28,13,1,129962.38,43190.43,40268.0,38541.35,40666.59,2018.79,0.6798,0.3202,61906.67,42458.9
28,14,2,129962.38,42458.9,43190.43,40268.0,41972.44,1341.67,0.5369,0.4631,61906.67,35016.05
28,15,3,129962.38,35016.05,42458.9,43190.43,40221.79,3793.11,0.5106,0.4894,61906.67,37020.91
28,16,4,129962.38,37020.91,35016.05,42458.9,38165.29,3244.43,0.6323,0.3677,61906.67,34027.86
28,17,5,129962.38,34027.86,37020.91,35016.05,35354.94,1345.19,0.5342,0.4658,61906.67,34027.86
28,18,6,129962.38,34027.86,34027.86,37020.91,35025.54,1510.94,0.6784,0.3216,61906.67,34027.86
28,19,7,129962.38,34027.86,34027.86,34027.86,34027.86,100.0,0.6217,0.3783,61906.67,34027.86
28,20,8,129962.38,34027.86,34027.86,34027.86,34027.86,100.0,0.4816,0.5184,61906.67,34027.86
28,21,9,129962.38,34027.86,34027.86,34027.86,34027.86,100.0,0.6308,0.3692,61906.67,34027.86
28,22,10,129962.38,34027.86,34027.86,34027.86,34027.86,100.0,0.5729,0.4271,61906.67,43067.53
28,23,11,129962.38,43067.53,34027.86,34027.86,37041.08,4361.34,0.5112,0.4888,61906.67,39449.91
28,24,12,129962.38,39449.91,43067.53,34027.86,38848.43,3814.86,0.6048,0.3952,61906.67,54920.55
29,1,1,181267.52,97672.52,95729.09,89156.96,94186.19,3743.63,0.6241,0.3759,86702.9,88384.37
29,2,2,181267.52,88384.37,97672.52,95729.09,93928.66,4099.88,0.6315,0.3685,86702.9,72346.0
29,3,3,181267.52,72346.0,88384.37,97672.52,86134.3,10561.21,0.6294,0.3706,86702.9,70850.29
29,4,4,181267.52,70850.29,72346.0,88384.37,77193.56,8036.63,0.5682,0.4318,86702.9,80794.55
29,5,5,181267.52,80794.55,70850.29,72346.0,74663.61,4478.02,0.5584,0.4416,86702.9,70516.22
29,6,6,181267.52,70516.22,80794.55,70850.29,74053.69,4868.46,0.5752,0.4248,86702.9,72136.65
29,7,7,181267.52,72136.65,70516.22,80794.55,74482.47,4612.07,0.4638,0.5362,86702.9,63031.29
29,8,8,181267.52,63031.29,72136.65,70516.22,68561.39,4065.93,0.6745,0.3255,86702.9,60611.02
29,9,9,181267.52,60611.02,63031.29,72136.65,65259.65,5062.14,0.4961,0.5039,86702.9,68276.07
29,10,10,181267.52,68276.07,60611.02,63031.29,63972.79,3299.28,0.5689,0.4311,86702.9,65684.67
29,11,11,181267.52,65684.67,68276.07,60611.02,64857.26,3283.47,0.6676,0.3324,86702.9,79322.49
29,12,12,181267.52,79322.49,65684.67,68276.07,71094.41,6013.53,0.5537,0.4463,86702.9,81928.95
29,13,1,181267.52,81928.95,79322.49,65684.67,75645.37,7223.2,0.654,0.346,86702.9,68817.03
29,14,2,181267.52,68817.03,81928.95,79322.49,76689.49,5767.46,0.6319,0.3681,86702.9,65111.91
29,15,3,181267.52,65111.91,68817.03,81928.95,71952.63,7314.67,0.4553,0.5447,86702.9,68000.0
29,16,4,181267.52,68000.0,65111.91,68817.03,67309.65,1689.43,0.615,0.385,86702.9,66192.23
29,17,5,181267.52,66192.23,68000.0,65111.91,66434.71,1291.46,0.527,0.473,86702.9,53242.53
29,18,6,181267.52,53242.53,66192.23,68000.0,62478.25,6672.21,0.4354,0.5646,86702.9,50471.54
29,19,7,181267.52,50471.54,53242.53,66192.23,56635.43,6951.71,0.4921,0.5079,86702.9,50095.41
29,20,8,181267.52,50095.41,50471.54,53242.53,51269.83,1503.34,0.5905,0.4095,86702.9,49347.16
29,21,9,181267.52,49347.16,50095.41,50471.54,49971.37,567.33,0.6024,0.3976,86702.9,52378.01
29,22,10,181267.52,52378.01,49347.16,50095.41,50606.86,1389.1,0.4545,0.5455,86702.9,57812.95
29,23,11,181267.52,57812.95,52378.01,49347.16,53179.37,3602.29,0.458,0.542,86702.9,52390.61
29,24,12,181267.52,52390.61,57812.95,52378.01,54193.86,2659.09,0.5037,0.4963,86702.9,60169.31
30,1,1,54518.42,34550.23,34450.67,35471.81,34824.24,559.7,0.5473,0.4527,21164.94,31738.3
30,2,2,54518.42,31738.3,34550.23,34450.67,33579.73,1402.72,0.5701,0.4299,21164.94,27645.92
30,3,3,54518.42,27645.92,31738.3,34550.23,31311.48,2934.78,0.4899,0.5101,21164.94,25921.8
30,4,4,54518.42,25921.8,27645.92,31738.3,28435.34,2539.31,0.5277,0.4723,21164.94,21616.36
30,5,5,54518.42,21616.36,25921.8,27645.92,25061.36,2635.63,0.5375,0.4625,21164.94,22117.21
30,6,6,54518.42,22117.21,21616.36,25921.8,23218.46,2022.46,0.5847,0.4153,21164.94,21468.76
30,7,7,54518.42,21468.76,22117.21,21616.36,21734.11,377.51,0.6488,0.3512,21164.94,20849.23
30,8,8,54518.42,20849.23,21468.76,22117.21,21478.4,617.7,0.4442,0.5558,21164.94,17879.06
30,9,9,54518.42,17879.06,20849.23,21468.76,20065.68,1666.73,0.5541,0.4459,21164.94,16676.74
30,10,10,54518.42,16676.74,17879.06,20849.23,18468.34,1853.63,0.4923,0.5077,21164.94,21221.41
30,11,11,54518.42,21221.41,16676.74,17879.06,18592.4,2022.7,0.6634,0.3366,21164.94,21647.49
30,12,12,54518.42,21647.49,21221.41,16676.74,19848.55,2349.54,0.516,0.484,21164.94,23627.21
30,13,1,54518.42,23627.21,21647.49,21221.41,22165.37,1148.21,0.6671,0.3329,21164.94,21597.36
30,14,2,54518.42,21597.36,23627.21,21647.49,22290.69,1045.29,0.5051,0.4949,21164.94,19420.9
30,15,3,54518.42,19420.9,21597.36,23627.21,21548.49,1817.57,0.4206,0.5794,21164.94,20934.34
30,16,4,54518.42,20934.34,19420.9,21597.36,20650.87,1010.86,0.6213,0.3787,21164.94,18966.19
30,17,5,54518.42,18966.19,20934.34,19420.9,19773.81,941.35,0.6105,0.3895,21164.94,18804.34
30,18,6,54518.42,18804.34,18966.19,20934.34,19568.29,1068.2,0.61,0.39,21164.94,17731.0
30,19,7,54518.42,17731.0,18804.34,18966.19,18500.51,648.12,0.5392,0.4608,21164.94,16963.49
30,20,8,54518.42,16963.49,17731.0,18804.34,17832.94,854.97,0.5927,0.4073,21164.94,16676.74
30,21,9,54518.42,16676.74,16963.49,17731.0,17123.74,545.07,0.5131,0.4869,21164.94,17175.09
30,22,10,54518.42,17175.09,16676.74,16963.49,16938.44,304.22,0.4365,0.5635,21164.94,18127.11
30,23,11,54518.42,18127.11,17175.09,16676.74,17326.31,701.69,0.559,0.441,21164.94,22024.21
30,24,12,54518.42,22024.21,18127.11,17175.09,19108.8,2197.82,0.4766,0.5234,21164.94,20632.15
31,1,1,110621.19,57206.98,56233.47,63497.3,58979.25,3319.37,0.5039,0.4961,52694.76,51573.34
31,2,2,110621.19,51573.34,57206.98,56233.47,55004.59,2558.6,0.4937,0.5063,52694.76,47481.98
31,3,3,110621.19,47481.98,51573.34,57206.98,52087.43,4086.82,0.5623,0.4377,52694.76,39424.66
31,4,4,110621.19,39424.66,47481.98,51573.34,46159.99,5147.0,0.454,0.546,52694.76,39681.07
31,5,5,110621.19,39681.07,39424.66,47481.98,42195.9,3839.29,0.6416,0.3584,52694.76,40748.72
31,6,6,110621.19,40748.72,39681.07,39424.66,39951.48,673.37,0.625,0.375,52694.76,37968.51
31,7,7,110621.19,37968.51,40748.72,39681.07,39466.1,1245.15,0.6525,0.3475,52694.76,39742.65
31,8,8,110621.19,39742.65,37968.51,40748.72,39486.63,1249.36,0.6182,0.3818,52694.76,35376.85
31,9,9,110621.19,35376.85,39742.65,37968.51,37696.0,1892.72,0.4319,0.5681,52694.76,39137.79
31,10,10,110621.19,39137.79,35376.85,39742.65,38085.76,2031.34,0.5828,0.4172,52694.76,49266.21
31,11,11,110621.19,49266.21,39137.79,35376.85,41260.28,5965.57,0.6375,0.3625,52694.76,45869.0
31,12,12,110621.19,45869.0,49266.21,39137.79,44757.66,4308.92,0.4242,0.5758,52694.76,44833.91
31,13,1,110621.19,44833.91,45869.0,49266.21,46656.37,1993.19,0.6617,0.3383,52694.76,46331.4
31,14,2,110621.19,46331.4,44833.91,45869.0,45678.1,726.07,0.4611,0.5389,52694.76,44361.14
31,15,3,110621.19,44361.14,46331.4,44833.91,45175.49,939.84,0.5387,0.4613,52694.76,39168.22
31,16,4,110621.19,39168.22,44361.14,46331.4,43286.92,3121.4,0.6779,0.3221,52694.76,36485.64
31,17,5,110621.19,36485.64,39168.22,44361.14,40005.0,3369.15,0.5312,0.4688,52694.76,34735.79
31,18,6,110621.19,34735.79,36485.64,39168.22,36796.55,1922.84,0.6789,0.3211,52694.76,29490.7
31,19,7,110621.19,29490.7,34735.79,36485.64,33570.71,3072.13,0.6564,0.3436,52694.76,28963.22
31,20,8,110621.19,28963.22,29490.7,34735.79,31063.23,2705.8,0.6494,0.3506,52694.76,28963.22
31,21,9,110621.19,28963.22,28963.22,29490.7,29139.04,348.66,0.4985,0.5015,52694.76,28963.22
31,22,10,110621.19,28963.22,28963.22,28963.22,28963.22,100.0,0.6474,0.3526,52694.76,32310.61
31,23,11,110621.19,32310.61,28963.22,28963.22,30079.01,1677.98,0.6479,0.3521,52694.76,35453.93
31,24,12,110621.19,35453.93,32310.61,28963.22,32242.58,2750.26,0.4443,0.5557,52694.76,42687.27
32,1,1,72194.8,41789.76,47341.26,43985.99,44372.34,2382.79,0.655,0.345,27609.64,37714.85
32,2,2,72194.8,37714.85,41789.76,47341.26,42281.96,4045.35,0.463,0.537,27609.64,34697.15
32,3,3,72194.8,34697.15,37714.85,41789.76,38067.25,3006.25,0.523,0.477,27609.64,29969.15
32,4,4,72194.8,29969.15,34697.15,37714.85,34127.05,3287.76,0.4994,0.5006,27609.64,30208.77
32,5,5,72194.8,30208.77,29969.15,34697.15,31625.02,2274.52,0.6019,0.3981,27609.64,29104.92
32,6,6,72194.8,29104.92,30208.77,29969.15,29760.94,574.08,0.4809,0.5191,27609.64,28835.53
32,7,7,72194.8,28835.53,29104.92,30208.77,29383.07,694.12,0.5904,0.4096,27609.64,28112.54
32,8,8,72194.8,28112.54,28835.53,29104.92,28684.33,519.01,0.603,0.397,27609.64,32768.57
32,9,9,72194.8,32768.57,28112.54,28835.53,29905.54,2145.87,0.4203,0.5797,27609.64,27922.11
32,10,10,72194.8,27922.11,32768.57,28112.54,29601.07,2341.11,0.544,0.456,27609.64,28858.75
32,11,11,72194.8,28858.75,27922.11,32768.57,29849.81,2199.0,0.4545,0.5455,27609.64,29192.6
32,12,12,72194.8,29192.6,28858.75,27922.11,28657.82,637.79,0.4788,0.5212,27609.64,29180.16
32,13,1,72194.8,29180.16,29192.6,28858.75,29077.17,254.53,0.5968,0.4032,27609.64,25968.57
32,14,2,72194.8,25968.57,29180.16,29192.6,28113.78,1616.9,0.4224,0.5776,27609.64,26828.19
32,15,3,72194.8,26828.19,25968.57,29180.16,27325.64,1457.49,0.6009,0.3991,27609.64,29288.14
32,16,4,72194.8,29288.14,26828.19,25968.57,27361.64,1506.72,0.6324,0.3676,27609.64,25699.99
32,17,5,72194.8,25699.99,29288.14,26828.19,27272.11,1598.11,0.6769,0.3231,27609.64,23324.75
32,18,6,72194.8,23324.75,25699.99,29288.14,26104.3,2551.27,0.5298,0.4702,27609.64,24986.7
32,19,7,72194.8,24986.7,23324.75,25699.99,24670.48,1095.13,0.4544,0.5456,27609.64,22926.23
32,20,8,72194.8,22926.23,24986.7,23324.75,23745.9,992.34,0.4384,0.5616,27609.64,24522.7
32,21,9,72194.8,24522.7,22926.23,24986.7,24145.21,982.52,0.5196,0.4804,27609.64,24368.79
32,22,10,72194.8,24368.79,24522.7,22926.23,23939.24,819.05,0.61,0.39,27609.64,22525.93
32,23,11,72194.8,22525.93,24368.79,24522.7,23805.81,1007.19,0.4466,0.5534,27609.64,29727.38
32,24,12,72194.8,29727.38,22525.93,24368.79,25540.7,3154.53,0.5015,0.4985,27609.64,34810.57
33,1,1,70071.17,47303.2,47933.44,49819.43,48352.02,1169.04,0.6158,0.3842,21052.17,42929.08
33,2,2,70071.17,42929.08,47303.2,47933.44,46055.24,2325.45,0.4546,0.5454,21052.17,38506.36
33,3,3,70071.17,38506.36,42929.08,47303.2,42912.88,3691.31,0.6782,0.3218,21052.17,41205.43
33,4,4,70071.17,41205.43,38506.36,42929.08,40880.29,1920.15,0.4571,0.5429,21052.17,36682.69
33,5,5,70071.17,36682.69,41205.43,38506.36,38798.16,1957.89,0.5579,0.4421,21052.17,32437.54
33,6,6,70071.17,32437.54,36682.69,41205.43,36775.22,3680.07,0.4222,0.5778,21052.17,28439.0
33,7,7,70071.17,28439.0,32437.54,36682.69,32519.75,3465.98,0.589,0.411,21052.17,26884.3
33,8,8,70071.17,26884.3,28439.0,32437.54,29253.61,2439.14,0.5344,0.4656,21052.17,26898.25
33,9,9,70071.17,26898.25,26884.3,28439.0,27407.18,829.63,0.6078,0.3922,21052.17,30774.39
33,10,10,70071.17,30774.39,26898.25,26884.3,28185.64,1930.53,0.5833,0.4167,21052.17,30580.15
33,11,11,70071.17,30580.15,30774.39,26898.25,29417.59,1883.21,0.4594,0.5406,21052.17,32854.94
33,12,12,70071.17,32854.94,30580.15,30774.39,31403.16,1129.62,0.527,0.473,21052.17,34054.86
33,13,1,70071.17,34054.86,32854.94,30580.15,32496.65,1540.99,0.5985,0.4015,21052.17,34179.82
33,14,2,70071.17,34179.82,34054.86,32854.94,33696.54,697.28,0.6436,0.3564,21052.17,35520.96
33,15,3,70071.17,35520.96,34179.82,34054.86,34585.21,763.64,0.4425,0.5575,21052.17,31342.12
33,16,4,70071.17,31342.12,35520.96,34179.82,33680.97,1842.09,0.4461,0.5539,21052.17,29182.51
33,17,5,70071.17,29182.51,31342.12,35520.96,32015.2,2731.07,0.6156,0.3844,21052.17,31360.13
33,18,6,70071.17,31360.13,29182.51,31342.12,30628.25,1122.32,0.5733,0.4267,21052.17,31147.59
33,19,7,70071.17,31147.59,31360.13,29182.51,30563.41,1080.29,0.5198,0.4802,21052.17,33822.98
33,20,8,70071.17,33822.98,31147.59,31360.13,32110.23,1314.2,0.6704,0.3296,21052.17,32509.6
33,21,9,70071.17,32509.6,33822.98,31147.59,32493.39,1192.28,0.5018,0.4982,21052.17,29722.74
33,22,10,70071.17,29722.74,32509.6,33822.98,32018.44,1809.57,0.4564,0.5436,21052.17,34195.76
33,23,11,70071.17,34195.76,29722.74,32509.6,32142.7,1944.44,0.492,0.508,21052.17,38031.94
33,24,12,70071.17,38031.94,34195.76,29722.74,33983.48,3495.54,0.4419,0.5581,21052.17,39896.8
34,1,1,147034.97,81466.88,84207.94,84710.78,83461.87,1525.53,0.4941,0.5059,68053.73,77756.24
34,2,2,147034.97,77756.24,81466.88,84207.94,81143.68,2743.79,0.6647,0.3353,68053.73,67910.82
34,3,3,147034.97,67910.82,77756.24,81466.88,75711.31,5820.02,0.427,0.573,68053.73,62572.21
34,4,4,147034.97,62572.21,67910.82,77756.24,69413.09,6389.21,0.6402,0.3598,68053.73,59564.27
34,5,5,147034.97,59564.27,62572.21,67910.82,63349.1,3551.46,0.6477,0.3523,68053.73,60873.69
34,6,6,147034.97,60873.69,59564.27,62572.21,61003.39,1331.41,0.4734,0.5266,68053.73,52346.94
34,7,7,147034.97,52346.94,60873.69,59564.27,57594.97,3849.22,0.5778,0.4222,68053.73,52279.3
34,8,8,147034.97,52279.3,52346.94,60873.69,55166.64,4135.59,0.469,0.531,68053.73,48366.45
34,9,9,147034.97,48366.45,52279.3,52346.94,50997.56,1960.68,0.5219,0.4781,68053.73,47093.69
34,10,10,147034.97,47093.69,48366.45,52279.3,49246.48,2306.58,0.588,0.412,68053.73,57390.18
34,11,11,147034.97,57390.18,47093.69,48366.45,50950.1,4683.37,0.6238,0.3762,68053.73,58344.92
34,12,12,147034.97,58344.92,57390.18,47093.69,54276.26,5193.78,0.6264,0.3736,68053.73,59220.78
34,13,1,147034.97,59220.78,58344.92,57390.18,58318.63,847.57,0.4822,0.5178,68053.73,48521.54
34,14,2,147034.97,48521.54,59220.78,58344.92,55362.41,4950.42,0.5203,0.4797,68053.73,48319.6
34,15,3,147034.97,48319.6,48521.54,59220.78,52020.64,5191.93,0.4827,0.5173,68053.73,49947.97
34,16,4,147034.97,49947.97,48319.6,48521.54,48929.7,824.73,0.5859,0.4141,68053.73,56238.76
34,17,5,147034.97,56238.76,49947.97,48319.6,51502.11,3514.65,0.4385,0.5615,68053.73,49600.27
34,18,6,147034.97,49600.27,56238.76,49947.97,51929.0,3150.76,0.6511,0.3489,68053.73,48746.43
34,19,7,147034.97,48746.43,49600.27,56238.76,51528.49,3448.86,0.4231,0.5769,68053.73,48351.42
34,20,8,147034.97,48351.42,48746.43,49600.27,48899.38,621.19,0.5139,0.4861,68053.73,53003.56
34,21,9,147034.97,53003.56,48351.42,48746.43,50033.8,2206.12,0.5023,0.4977,68053.73,48528.68
34,22,10,147034.97,48528.68,53003.56,48351.42,49961.22,2252.48,0.5206,0.4794,68053.73,53684.45
34,23,11,147034.97,53684.45,48528.68,53003.56,51738.9,2386.92,0.6381,0.3619,68053.73,58560.7
34,24,12,147034.97,58560.7,53684.45,48528.68,53591.28,4196.09,0.5294,0.4706,68053.73,59781.35
35,1,1,149902.97,77541.54,80680.11,84989.86,81070.5,3153.27,0.6682,0.3318,70173.9,65175.81
35,2,2,149902.97,65175.81,77541.54,80680.11,74465.82,6792.83,0.6203,0.3797,70173.9,58525.13
35,3,3,149902.97,58525.13,65175.81,77541.54,67080.83,7979.42,0.4243,0.5757,70173.9,53501.67
35,4,4,149902.97,53501.67,58525.13,65175.81,59067.54,4881.35,0.4376,0.5624,70173.9,56806.4
35,5,5,149902.97,56806.4,53501.67,58525.13,56277.73,2184.61,0.4882,0.5118,70173.9,46194.94
35,6,6,149902.97,46194.94,56806.4,53501.67,52167.67,4533.62,0.4304,0.5696,70173.9,44000.53
35,7,7,149902.97,44000.53,46194.94,56806.4,49000.62,5691.75,0.4357,0.5643,70173.9,45992.21
35,8,8,149902.97,45992.21,44000.53,46194.94,45395.89,1090.13,0.6252,0.3748,70173.9,50929.8
35,9,9,149902.97,50929.8,45992.21,44000.53,46974.18,3012.83,0.5517,0.4483,70173.9,46890.41
35,10,10,149902.97,46890.41,50929.8,45992.21,47937.47,2247.43,0.5834,0.4166,70173.9,48345.41
35,11,11,149902.97,48345.41,46890.41,50929.8,48721.87,1770.42,0.5503,0.4497,70173.9,60834.22
35,12,12,149902.97,60834.22,48345.41,46890.41,52023.35,6358.48,0.528,0.472,70173.9,52923.13
35,13,1,149902.97,52923.13,60834.22,48345.41,54034.25,5258.72,0.6025,0.3975,70173.9,40865.19
35,14,2,149902.97,40865.19,52923.13,60834.22,51540.85,8310.7,0.4414,0.5586,70173.9,42734.54
35,15,3,149902.97,42734.54,40865.19,52923.13,45507.62,5398.8,0.5595,0.4405,70173.9,40713.57
35,16,4,149902.97,40713.57,42734.54,40865.19,41437.77,1019.04,0.5802,0.4198,70173.9,39864.53
35,17,5,149902.97,39864.53,40713.57,42734.54,41104.22,1303.8,0.4921,0.5079,70173.9,43186.74
35,18,6,149902.97,43186.74,39864.53,40713.57,41254.95,1509.27,0.5006,0.4994,70173.9,42872.47
35,19,7,149902.97,42872.47,43186.74,39864.53,41974.58,1597.54,0.5529,0.4471,70173.9,39864.53
35,20,8,149902.97,39864.53,42872.47,43186.74,41974.58,1597.54,0.4728,0.5272,70173.9,39864.53
35,21,9,149902.97,39864.53,39864.53,42872.47,40867.18,1517.96,0.6301,0.3699,70173.9,43809.6
35,22,10,149902.97,43809.6,39864.53,39864.53,41179.55,1959.72,0.5595,0.4405,70173.9,50240.08
35,23,11,149902.97,50240.08,43809.6,39864.53,44638.07,4376.12,0.5216,0.4784,70173.9,51256.63
35,24,12,149902.97,51256.63,50240.08,43809.6,48435.43,3397.18,0.5849,0.4151,70173.9,62147.08
36,1,1,192647.51,75678.29,72809.01,78060.8,75516.03,2247.1,0.6017,0.3983,110227.68,67114.28
36,2,2,192647.51,67114.28,75678.29,72809.01,71867.19,3659.1,0.6098,0.3902,110227.68,59729.56
36,3,3,192647.51,59729.56,67114.28,75678.29,67507.37,6616.97,0.6401,0.3599,110227.68,56159.96
36,4,4,192647.51,56159.96,59729.56,67114.28,61001.26,4661.6,0.4351,0.5649,110227.68,55828.61
36,5,5,192647.51,55828.61,56159.96,59729.56,57239.37,1866.01,0.4424,0.5576,110227.68,45956.82
36,6,6,192647.51,45956.82,55828.61,56159.96,52648.46,4833.64,0.533,0.467,110227.68,54487.55
36,7,7,192647.51,54487.55,45956.82,55828.61,52091.0,4471.93,0.5379,0.4621,110227.68,50186.27
36,8,8,192647.51,50186.27,54487.55,45956.82,50210.21,3582.7,0.5783,0.4217,110227.68,54072.04
36,9,9,192647.51,54072.04,50186.27,54487.55,52915.29,2037.15,0.5004,0.4996,110227.68,52511.96
36,10,10,192647.51,52511.96,54072.04,50186.27,52256.76,1696.59,0.6128,0.3872,110227.68,58457.81
36,11,11,192647.51,58457.81,52511.96,54072.04,55013.94,2617.1,0.6126,0.3874,110227.68,63202.47
36,12,12,192647.51,63202.47,58457.81,52511.96,58057.41,4473.56,0.4511,0.5489,110227.68,65969.42
36,13,1,192647.51,65969.42,63202.47,58457.81,62543.23,3201.83,0.6041,0.3959,110227.68,62538.51
36,14,2,192647.51,62538.51,65969.42,63202.47,63903.46,1585.78,0.6024,0.3976,110227.68,61080.5
36,15,3,192647.51,61080.5,62538.51,65969.42,63196.14,2149.35,0.4626,0.5374,110227.68,57965.15
36,16,4,192647.51,57965.15,61080.5,62538.51,60528.05,2007.49,0.6678,0.3322,110227.68,58490.13
36,17,5,192647.51,58490.13,57965.15,61080.5,59178.59,1461.82,0.556,0.444,110227.68,54051.07
36,18,6,192647.51,54051.07,58490.13,57965.15,56835.45,2080.48,0.6236,0.3764,110227.68,59525.45
36,19,7,192647.51,59525.45,54051.07,58490.13,57355.55,2474.54,0.6074,0.3926,110227.68,50869.63
36,20,8,192647.51,50869.63,59525.45,54051.07,54815.39,3674.81,0.4634,0.5366,110227.68,59381.19
36,21,9,192647.51,59381.19,50869.63,59525.45,56592.09,4146.82,0.453,0.547,110227.68,54022.28
36,22,10,192647.51,54022.28,59381.19,50869.63,54757.7,3613.52,0.6231,0.3769,110227.68,48638.29
36,23,11,192647.51,48638.29,54022.28,59381.19,54013.92,4485.77,0.4899,0.5101,110227.68,54938.71
36,24,12,192647.51,54938.71,48638.29,54022.28,52533.09,2879.34,0.6505,0.3495,110227.68,52967.65
37,1,1,34431.35,24887.5,22587.87,22905.79,23460.39,1117.44,0.5562,0.4438,10838.44,18851.86
37,2,2,34431.35,18851.86,24887.5,22587.87,22109.08,2587.19,0.4884,0.5116,10838.44,16425.13
37,3,3,34431.35,16425.13,18851.86,24887.5,20054.83,3657.93,0.6735,0.3265,10838.44,13131.04
37,4,4,34431.35,13131.04,16425.13,18851.86,16136.01,2444.45,0.5832,0.4168,10838.44,11796.45
37,5,5,34431.35,11796.45,13131.04,16425.13,13784.21,2045.27,0.549,0.451,10838.44,13356.77
37,6,6,34431.35,13356.77,11796.45,13131.04,12761.42,788.53,0.5528,0.4472,10838.44,13852.86
37,7,7,34431.35,13852.86,13356.77,11796.45,13002.03,976.2,0.4344,0.5656,10838.44,13682.69
37,8,8,34431.35,13682.69,13852.86,13356.77,13630.77,305.83,0.6434,0.3566,10838.44,11939.05
37,9,9,34431.35,11939.05,13682.69,13852.86,13158.2,964.86,0.4634,0.5366,10838.44,12183.21
37,10,10,34431.35,12183.21,11939.05,13682.69,12601.65,870.88,0.4609,0.5391,10838.44,13667.13
37,11,11,34431.35,13667.13,12183.21,11939.05,12596.46,863.61,0.6211,0.3789,10838.44,12756.06
37,12,12,34431.35,12756.06,13667.13,12183.21,12868.8,711.03,0.6525,0.3475,10838.44,16286.83
37,13,1,34431.35,16286.83,12756.06,13667.13,14236.67,1596.63,0.5953,0.4047,10838.44,15793.21
37,14,2,34431.35,15793.21,16286.83,12756.06,14945.37,1661.13,0.45,0.55,10838.44,13446.63
37,15,3,34431.35,13446.63,15793.21,16286.83,15175.55,1339.03,0.6126,0.3874,10838.44,13570.17
37,16,4,34431.35,13570.17,13446.63,15793.21,14270.0,1178.25,0.4207,0.5793,10838.44,13615.5
37,17,5,34431.35,13615.5,13570.17,13446.63,13544.1,171.37,0.6433,0.3567,10838.44,11796.45
37,18,6,34431.35,11796.45,13615.5,13570.17,12994.04,947.02,0.4232,0.5768,10838.44,11805.51
37,19,7,34431.35,11805.51,11796.45,13615.5,12405.82,955.38,0.432,0.568,10838.44,11796.45
37,20,8,34431.35,11796.45,11805.51,11796.45,11799.47,104.27,0.5146,0.4854,10838.44,11796.45
37,21,9,34431.35,11796.45,11796.45,11805.51,11799.47,104.27,0.6593,0.3407,10838.44,11796.45
37,22,10,34431.35,11796.45,11796.45,11796.45,11796.45,100.0,0.4665,0.5335,10838.44,15869.73
37,23,11,34431.35,15869.73,11796.45,11796.45,13154.21,2020.16,0.6697,0.3303,10838.44,16775.04
37,24,12,34431.35,16775.04,15869.73,11796.45,14813.74,2265.32,0.4292,0.5708,10838.44,15990.3
38,1,1,195329.96,93826.95,99035.61,96044.87,96302.48,2234.22,0.5037,0.4963,105110.29,83149.99
38,2,2,195329.96,83149.99,93826.95,99035.61,92004.18,6712.11,0.5282,0.4718,105110.29,68625.71
38,3,3,195329.96,68625.71,83149.99,93826.95,81867.55,10428.25,0.6073,0.3927,105110.29,70460.02
38,4,4,195329.96,70460.02,68625.71,83149.99,74078.57,6558.03,0.4905,0.5095,105110.29,67513.99
38,5,5,195329.96,67513.99,70460.02,68625.71,68866.57,1314.71,0.4403,0.5597,105110.29,67349.76
38,6,6,195329.96,67349.76,67513.99,70460.02,68441.26,1529.05,0.5169,0.4831,105110.29,65747.73
38,7,7,195329.96,65747.73,67349.76,67513.99,66870.49,896.74,0.5505,0.4495,105110.29,66776.59
38,8,8,195329.96,66776.59,65747.73,67349.76,66624.69,762.79,0.6545,0.3455,105110.29,58643.77
38,9,9,195329.96,58643.77,66776.59,65747.73,63722.7,3715.82,0.4666,0.5334,105110.29,63931.65
38,10,10,195329.96,63931.65,58643.77,66776.59,63117.34,3469.77,0.6291,0.3709,105110.29,67483.86
38,11,11,195329.96,67483.86,63931.65,58643.77,63353.09,3732.07,0.6752,0.3248,105110.29,80823.56
38,12,12,195329.96,80823.56,67483.86,63931.65,70746.36,7371.73,0.6681,0.3319,105110.29,73594.12
38,13,1,195329.96,73594.12,80823.56,67483.86,73967.18,5552.29,0.4379,0.5621,105110.29,76236.55
38,14,2,195329.96,76236.55,73594.12,80823.56,76884.74,3086.78,0.5409,0.4591,105110.29,65815.37
38,15,3,195329.96,65815.37,76236.55,73594.12,71882.01,4523.33,0.4934,0.5066,105110.29,59027.04
38,16,4,195329.96,59027.04,65815.37,76236.55,67026.32,7177.74,0.6397,0.3603,105110.29,55313.73
38,17,5,195329.96,55313.73,59027.04,65815.37,60052.05,4448.11,0.5051,0.4949,105110.29,52461.65
38,18,6,195329.96,52461.65,55313.73,59027.04,55600.81,2787.99,0.5638,0.4362,105110.29,53866.67
38,19,7,195329.96,53866.67,52461.65,55313.73,53880.68,1264.4,0.4221,0.5779,105110.29,54592.27
38,20,8,195329.96,54592.27,53866.67,52461.65,53640.2,984.44,0.4722,0.5278,105110.29,48951.92
38,21,9,195329.96,48951.92,54592.27,53866.67,52470.29,2605.43,0.5666,0.4334,105110.29,48883.45
38,22,10,195329.96,48883.45,48951.92,54592.27,50809.21,2775.17,0.499,0.501,105110.29,67295.49
38,23,11,195329.96,67295.49,48883.45,48951.92,55043.62,8763.42,0.5819,0.4181,105110.29,76013.44
38,24,12,195329.96,76013.44,67295.49,48883.45,64064.13,11409.0,0.5406,0.4594,105110.29,75719.74
39,1,1,160015.02,84146.39,84548.32,86966.41,85220.37,1345.49,0.6217,0.3783,76054.85,70031.46
39,2,2,160015.02,70031.46,84146.39,84548.32,79575.39,6850.57,0.6104,0.3896,76054.85,60997.02
39,3,3,160015.02,60997.02,70031.46,84146.39,71724.96,9626.25,0.5621,0.4379,76054.85,52428.72
39,4,4,160015.02,52428.72,60997.02,70031.46,61152.4,7287.13,0.627,0.373,76054.85,54040.42
39,5,5,160015.02,54040.42,52428.72,60997.02,55822.05,3817.94,0.4591,0.5409,76054.85,54363.02
39,6,6,160015.02,54363.02,54040.42,52428.72,53610.72,946.11,0.6624,0.3376,76054.85,49151.09
39,7,7,160015.02,49151.09,54363.02,54040.42,52518.17,2484.53,0.4262,0.5738,76054.85,54983.58
39,8,8,160015.02,54983.58,49151.09,54363.02,52832.56,2715.49,0.5608,0.4392,76054.85,46112.24
39,9,9,160015.02,46112.24,54983.58,49151.09,50082.3,3781.08,0.5853,0.4147,76054.85,41980.08
39,10,10,160015.02,41980.08,46112.24,54983.58,47691.97,5524.9,0.6003,0.3997,76054.85,49864.76
39,11,11,160015.02,49864.76,41980.08,46112.24,45985.69,3320.15,0.4225,0.5775,76054.85,57438.21
39,12,12,160015.02,57438.21,49864.76,41980.08,49761.02,6411.18,0.5071,0.4929,76054.85,65689.28
39,13,1,160015.02,65689.28,57438.21,49864.76,57664.08,6562.31,0.6173,0.3827,76054.85,55824.7
39,14,2,160015.02,55824.7,65689.28,57438.21,59650.73,4420.41,0.5178,0.4822,76054.85,54617.52
39,15,3,160015.02,54617.52,55824.7,65689.28,58710.5,5059.29,0.6119,0.3881,76054.85,52568.83
39,16,4,160015.02,52568.83,54617.52,55824.7,54337.02,1443.92,0.5,0.5,76054.85,49797.59
39,17,5,160015.02,49797.59,52568.83,54617.52,52327.98,2075.08,0.4734,0.5266,76054.85,52341.27
39,18,6,160015.02,52341.27,49797.59,52568.83,51569.23,1356.18,0.6756,0.3244,76054.85,52378.17
39,19,7,160015.02,52378.17,52341.27,49797.59,51505.68,1307.89,0.5292,0.4708,76054.85,43017.48
39,20,8,160015.02,43017.48,52378.17,52341.27,49245.64,4504.0,0.6699,0.3301,76054.85,50713.86
39,21,9,160015.02,50713.86,43017.48,52378.17,48703.17,4177.4,0.6729,0.3271,76054.85,53851.15
39,22,10,160015.02,53851.15,50713.86,43017.48,49194.16,4651.5,0.457,0.543,76054.85,52719.27
39,23,11,160015.02,52719.27,53851.15,50713.86,52428.09,1397.23,0.4928,0.5072,76054.85,57929.43
39,24,12,160015.02,57929.43,52719.27,53851.15,54833.28,2337.54,0.4314,0.5686,76054.85,61946.74
40,1,1,56216.09,32662.67,31073.15,30835.37,31523.73,911.18,0.6022,0.3978,24064.34,28320.01
40,2,2,56216.09,28320.01,32662.67,31073.15,30685.28,1893.98,0.5168,0.4832,24064.34,26333.04
40,3,3,56216.09,26333.04,28320.01,32662.67,29105.24,2743.04,0.6734,0.3266,24064.34,25560.79
40,4,4,56216.09,25560.79,26333.04,28320.01,26737.95,1262.26,0.4421,0.5579,24064.34,22991.38
40,5,5,56216.09,22991.38,25560.79,26333.04,24961.74,1528.48,0.4449,0.5551,24064.34,23179.81
40,6,6,56216.09,23179.81,22991.38,25560.79,23910.66,1269.35,0.4547,0.5453,24064.34,16893.95
40,7,7,56216.09,16893.95,23179.81,22991.38,21021.72,3019.78,0.6332,0.3668,24064.34,19783.31
40,8,8,56216.09,19783.31,16893.95,23179.81,19952.36,2668.97,0.4395,0.5605,24064.34,16075.88
40,9,9,56216.09,16075.88,19783.31,16893.95,17584.38,1690.34,0.5676,0.4324,24064.34,16075.88
40,10,10,56216.09,16075.88,16075.88,19783.31,17311.69,1847.7,0.5331,0.4669,24064.34,16285.76
40,11,11,56216.09,16285.76,16075.88,16075.88,16145.84,198.94,0.6707,0.3293,24064.34,16075.88
40,12,12,56216.09,16075.88,16285.76,16075.88,16145.84,198.94,0.4816,0.5184,24064.34,20211.13
40,13,1,56216.09,20211.13,16075.88,16285.76,17524.26,2001.84,0.4879,0.5121,24064.34,17680.61
40,14,2,56216.09,17680.61,20211.13,16075.88,17989.2,1802.26,0.5019,0.4981,24064.34,16886.17
40,15,3,56216.09,16886.17,17680.61,20211.13,18259.3,1517.75,0.6282,0.3718,24064.34,16997.35
40,16,4,56216.09,16997.35,16886.17,17680.61,17188.04,451.24,0.6022,0.3978,24064.34,17631.02
40,17,5,56216.09,17631.02,16997.35,16886.17,17171.51,428.08,0.6112,0.3888,24064.34,17258.18
40,18,6,56216.09,17258.18,17631.02,16997.35,17295.52,360.04,0.5027,0.4973,24064.34,16075.88
40,19,7,56216.09,16075.88,17258.18,17631.02,16988.36,762.93,0.4907,0.5093,24064.34,18005.1
40,20,8,56216.09,18005.1,16075.88,17258.18,17113.05,894.26,0.4394,0.5606,24064.34,16462.8
40,21,9,56216.09,16462.8,18005.1,16075.88,16847.93,933.35,0.4727,0.5273,24064.34,16075.88
40,22,10,56216.09,16075.88,16462.8,18005.1,16847.93,933.35,0.6228,0.3772,24064.34,17441.55
40,23,11,56216.09,17441.55,16075.88,16462.8,16660.08,674.72,0.572,0.428,24064.34,21746.2
40,24,12,56216.09,21746.2,17441.55,16075.88,18421.21,2516.33,0.4604,0.5396,24064.34,23388.62
41,1,1,50619.58,29888.42,29887.23,29941.37,29905.67,125.25,0.4514,0.5486,20047.81,29877.58
41,2,2,50619.58,29877.58,29888.42,29887.23,29884.41,104.85,0.5132,0.4868,20047.81,25397.99
41,3,3,50619.58,25397.99,29877.58,29888.42,28387.99,2214.26,0.6203,0.3797,20047.81,24530.76
41,4,4,50619.58,24530.76,25397.99,29877.58,26602.11,2443.01,0.5375,0.4625,20047.81,24622.84
41,5,5,50619.58,24622.84,24530.76,25397.99,24850.53,488.93,0.5405,0.4595,20047.81,22846.89
41,6,6,50619.58,22846.89,24622.84,24530.76,24000.16,916.35,0.6416,0.3584,20047.81,20919.98
41,7,7,50619.58,20919.98,22846.89,24622.84,22796.57,1612.11,0.4435,0.5565,20047.81,19763.37
41,8,8,50619.58,19763.37,20919.98,22846.89,21176.75,1371.87,0.63,0.37,20047.81,18964.23
41,9,9,50619.58,18964.23,19763.37,20919.98,19882.53,902.86,0.4991,0.5009,20047.81,18276.02
41,10,10,50619.58,18276.02,18964.23,19763.37,19001.21,707.77,0.6032,0.3968,20047.81,21261.92
41,11,11,50619.58,21261.92,18276.02,18964.23,19500.72,1376.65,0.5769,0.4231,20047.81,21752.42
41,12,12,50619.58,21752.42,21261.92,18276.02,20430.12,1636.29,0.4759,0.5241,20047.81,23588.37
41,13,1,50619.58,23588.37,21752.42,21261.92,22200.9,1101.31,0.6427,0.3573,20047.81,21071.68
41,14,2,50619.58,21071.68,23588.37,21752.42,22137.49,1162.9,0.4586,0.5414,20047.81,18906.81
41,15,3,50619.58,18906.81,21071.68,23588.37,21188.95,2013.04,0.6049,0.3951,20047.81,15319.81
41,16,4,50619.58,15319.81,18906.81,21071.68,18432.77,2471.99,0.6718,0.3282,20047.81,17722.73
41,17,5,50619.58,17722.73,15319.81,18906.81,17316.45,1592.3,0.523,0.477,20047.81,17606.23
41,18,6,50619.58,17606.23,17722.73,15319.81,16882.92,1206.31,0.4327,0.5673,20047.81,18523.48
41,19,7,50619.58,18523.48,17606.23,17722.73,17950.81,507.72,0.4977,0.5023,20047.81,15285.89
41,20,8,50619.58,15285.89,18523.48,17606.23,17138.53,1462.49,0.6332,0.3668,20047.81,19313.1
41,21,9,50619.58,19313.1,15285.89,18523.48,17707.49,1842.41,0.4652,0.5348,20047.81,17662.49
41,22,10,50619.58,17662.49,19313.1,15285.89,17420.49,1752.98,0.6675,0.3325,20047.81,21152.42
41,23,11,50619.58,21152.42,17662.49,19313.1,19376.0,1525.45,0.6422,0.3578,20047.81,19600.02
41,24,12,50619.58,19600.02,21152.42,17662.49,19471.64,1527.65,0.5645,0.4355,20047.81,21905.12
42,1,1,134744.84,69155.04,71260.31,83695.53,74703.63,6516.06,0.629,0.371,60428.06,62228.58
42,2,2,134744.84,62228.58,69155.04,71260.31,67547.98,3958.33,0.4563,0.5437,60428.06,55097.52
42,3,3,134744.84,55097.52,62228.58,69155.04,62160.38,5839.16,0.4231,0.5769,60428.06,56424.02
42,4,4,134744.84,56424.02,55097.52,62228.58,57916.71,3196.68,0.6359,0.3641,60428.06,54300.08
42,5,5,134744.84,54300.08,56424.02,55097.52,55273.87,976.01,0.6755,0.3245,60428.06,51090.5
42,6,6,134744.84,51090.5,54300.08,56424.02,53938.2,2292.38,0.454,0.546,60428.06,50076.98
42,7,7,134744.84,50076.98,51090.5,54300.08,51822.52,1900.1,0.6342,0.3658,60428.06,57559.62
42,8,8,134744.84,57559.62,50076.98,51090.5,52909.03,3414.39,0.5168,0.4832,60428.06,51119.16
42,9,9,134744.84,51119.16,57559.62,50076.98,52918.59,3409.17,0.5839,0.4161,60428.06,49117.03
42,10,10,134744.84,49117.03,51119.16,57559.62,52598.6,3701.93,0.5876,0.4124,60428.06,57830.69
42,11,11,134744.84,57830.69,49117.03,51119.16,52688.96,3826.5,0.5714,0.4286,60428.06,62801.61
42,12,12,134744.84,62801.61,57830.69,49117.03,56583.11,5755.93,0.4873,0.5127,60428.06,67078.57
42,13,1,134744.84,67078.57,62801.61,57830.69,62570.29,3878.97,0.6313,0.3687,60428.06,61318.08
42,14,2,134744.84,61318.08,67078.57,62801.61,63732.75,2542.14,0.4257,0.5743,60428.06,48311.53
42,15,3,134744.84,48311.53,61318.08,67078.57,58902.72,7949.67,0.4368,0.5632,60428.06,55460.72
42,16,4,134744.84,55460.72,48311.53,61318.08,55030.11,5418.63,0.6546,0.3454,60428.06,46132.94
42,17,5,134744.84,46132.94,55460.72,48311.53,49968.4,4084.2,0.5353,0.4647,60428.06,46324.04
42,18,6,134744.84,46324.04,46132.94,55460.72,49305.9,4452.81,0.4535,0.5465,60428.06,41791.25
42,19,7,134744.84,41791.25,46324.04,46132.94,44749.41,2193.19,0.6553,0.3447,60428.06,41238.27
42,20,8,134744.84,41238.27,41791.25,46324.04,43117.85,2378.33,0.6356,0.3644,60428.06,42166.18
42,21,9,134744.84,42166.18,41238.27,41791.25,41731.9,481.14,0.5062,0.4938,60428.06,42192.41
42,22,10,134744.84,42192.41,42166.18,41238.27,41865.62,543.74,0.4311,0.5689,60428.06,47784.59
42,23,11,134744.84,47784.59,42192.41,42166.18,44047.73,2742.38,0.5399,0.4601,60428.06,57081.44
42,24,12,134744.84,57081.44,47784.59,42192.41,49019.48,6240.82,0.4637,0.5363,60428.06,58181.09
43,1,1,141160.47,77843.39,83763.78,84868.16,82158.44,3184.34,0.549,0.451,62120.72,64698.01
43,2,2,141160.47,64698.01,77843.39,83763.78,75435.06,8067.68,0.5195,0.4805,62120.72,60320.47
43,3,3,141160.47,60320.47,64698.01,77843.39,67620.62,7546.23,0.5309,0.4691,62120.72,60317.3
43,4,4,141160.47,60317.3,60320.47,64698.01,61778.59,2164.34,0.512,0.488,62120.72,54485.31
43,5,5,141160.47,54485.31,60317.3,60320.47,58374.36,2849.97,0.6562,0.3438,62120.72,57760.51
43,6,6,141160.47,57760.51,54485.31,60317.3,57521.04,2486.91,0.4915,0.5085,62120.72,52685.47
43,7,7,141160.47,52685.47,57760.51,54485.31,54977.1,2200.86,0.536,0.464,62120.72,50694.81
43,8,8,141160.47,50694.81,52685.47,57760.51,53713.6,3074.76,0.4586,0.5414,62120.72,48131.18
43,9,9,141160.47,48131.18,50694.81,52685.47,50503.82,1964.18,0.5797,0.4203,62120.72,46794.24
43,10,10,141160.47,46794.24,48131.18,50694.81,48540.08,1718.44,0.5804,0.4196,62120.72,45844.82
43,11,11,141160.47,45844.82,46794.24,48131.18,46923.41,1037.86,0.5883,0.4117,62120.72,43210.3
43,12,12,141160.47,43210.3,45844.82,46794.24,45283.12,1616.09,0.5497,0.4503,62120.72,55554.14
43,13,1,141160.47,55554.14,43210.3,45844.82,48203.08,5408.09,0.6495,0.3505,62120.72,46090.38
43,14,2,141160.47,46090.38,55554.14,43210.3,48284.94,5372.86,0.5445,0.4555,62120.72,39519.88
43,15,3,141160.47,39519.88,46090.38,55554.14,47054.8,6681.39,0.4428,0.5572,62120.72,39519.88
43,16,4,141160.47,39519.88,39519.88,46090.38,41710.05,3197.37,0.5196,0.4804,62120.72,39519.88
43,17,5,141160.47,39519.88,39519.88,39519.88,39519.88,100.0,0.529,0.471,62120.72,39519.88
43,18,6,141160.47,39519.88,39519.88,39519.88,39519.88,100.0,0.5871,0.4129,62120.72,46416.34
43,19,7,141160.47,46416.34,39519.88,39519.88,41818.7,3351.02,0.6273,0.3727,62120.72,47715.08
43,20,8,141160.47,47715.08,46416.34,39519.88,44550.43,3696.44,0.4848,0.5152,62120.72,41971.9
43,21,9,141160.47,41971.9,47715.08,46416.34,45367.77,2559.09,0.6785,0.3215,62120.72,51794.49
43,22,10,141160.47,51794.49,41971.9,47715.08,47160.49,4129.18,0.5614,0.4386,62120.72,57875.42
43,23,11,141160.47,57875.42,51794.49,41971.9,50547.27,6652.21,0.4251,0.5749,62120.72,56060.38
43,24,12,141160.47,56060.38,57875.42,51794.49,55243.43,2648.85,0.5194,0.4806,62120.72,46328.14
44,1,1,178160.04,107415.89,84228.65,82616.94,91420.49,11429.58,0.546,0.454,85177.09,93837.2
44,2,2,178160.04,93837.2,107415.89,84228.65,95160.58,9612.29,0.6573,0.3427,85177.09,90258.27
44,3,3,178160.04,90258.27,93837.2,107415.89,97170.45,7490.49,0.5506,0.4494,85177.09,89164.72
44,4,4,178160.04,89164.72,90258.27,93837.2,91086.73,2095.46,0.521,0.479,85177.09,82506.42
44,5,5,178160.04,82506.42,89164.72,90258.27,87309.8,3525.72,0.4668,0.5332,85177.09,78419.45
44,6,6,178160.04,78419.45,82506.42,89164.72,83363.53,4528.41,0.5029,0.4971,85177.09,76749.52
44,7,7,178160.04,76749.52,78419.45,82506.42,79225.13,2518.3,0.4769,0.5231,85177.09,74278.98
44,8,8,178160.04,74278.98,76749.52,78419.45,76482.65,1800.84,0.6529,0.3471,85177.09,69745.44
44,9,9,178160.04,69745.44,74278.98,76749.52,73591.31,3000.46,0.6224,0.3776,85177.09,65804.02
44,10,10,178160.04,65804.02,69745.44,74278.98,69942.81,3562.7,0.4352,0.5648,85177.09,69428.65
44,11,11,178160.04,69428.65,65804.02,69745.44,68326.04,1888.02,0.6778,0.3222,85177.09,66688.82
44,12,12,178160.04,66688.82,69428.65,65804.02,67307.16,1643.0,0.5577,0.4423,85177.09,67758.82
44,13,1,178160.04,67758.82,66688.82,69428.65,67958.76,1227.43,0.6194,0.3806,85177.09,53568.68
44,14,2,178160.04,53568.68,67758.82,66688.82,62672.11,6551.9,0.6799,0.3201,85177.09,50654.79
44,15,3,178160.04,50654.79,53568.68,67758.82,57327.43,7571.42,0.6732,0.3268,85177.09,46491.48
44,16,4,178160.04,46491.48,50654.79,53568.68,50238.31,3004.22,0.446,0.554,85177.09,46491.48
44,17,5,178160.04,46491.48,46491.48,50654.79,47879.25,2062.6,0.5908,0.4092,85177.09,47851.48
44,18,6,178160.04,47851.48,46491.48,46491.48,46944.81,741.11,0.4893,0.5107,85177.09,54788.02
44,19,7,178160.04,54788.02,47851.48,46491.48,49710.33,3733.15,0.6322,0.3678,85177.09,56334.01
44,20,8,178160.04,56334.01,54788.02,47851.48,52991.17,3788.71,0.6585,0.3415,85177.09,46491.48
44,21,9,178160.04,46491.48,56334.01,54788.02,52537.84,4421.76,0.4345,0.5655,85177.09,46491.48
44,22,10,178160.04,46491.48,46491.48,56334.01,49772.32,4739.81,0.6791,0.3209,85177.09,58789.11
44,23,11,178160.04,58789.11,46491.48,46491.48,50590.69,5897.16,0.477,0.523,85177.09,54025.09
44,24,12,178160.04,54025.09,58789.11,46491.48,53101.89,5162.75,0.6401,0.3599,85177.09,56834.97
45,1,1,98870.12,64839.67,58993.85,63127.67,62320.4,2553.87,0.6398,0.3602,36148.14,51697.11
45,2,2,98870.12,51697.11,64839.67,58993.85,58510.21,5476.32,0.4658,0.5342,36148.14,43935.22
45,3,3,98870.12,43935.22,51697.11,64839.67,53490.67,8727.93,0.5741,0.4259,36148.14,44648.21
45,4,4,98870.12,44648.21,43935.22,51697.11,46760.18,3603.05,0.6296,0.3704,36148.14,36793.75
45,5,5,98870.12,36793.75,44648.21,43935.22,41792.39,3646.54,0.6014,0.3986,36148.14,38343.07
45,6,6,98870.12,38343.07,36793.75,44648.21,39928.34,3496.86,0.6576,0.3424,36148.14,37046.44
45,7,7,98870.12,37046.44,38343.07,36793.75,37394.42,778.68,0.4273,0.5727,36148.14,37602.58
45,8,8,98870.12,37602.58,37046.44,38343.07,37664.03,631.13,0.6021,0.3979,36148.14,36860.72
45,9,9,98870.12,36860.72,37602.58,37046.44,37169.92,415.2,0.6664,0.3336,36148.14,40129.02
45,10,10,98870.12,40129.02,36860.72,37602.58,38197.44,1499.01,0.5665,0.4335,36148.14,42444.74
45,11,11,98870.12,42444.74,40129.02,36860.72,39811.5,2390.7,0.5664,0.4336,36148.14,42145.93
45,12,12,98870.12,42145.93,42444.74,40129.02,41573.23,1128.47,0.4689,0.5311,36148.14,44576.86
45,13,1,98870.12,44576.86,42145.93,42444.74,43055.85,1182.42,0.6769,0.3231,36148.14,42772.05
45,14,2,98870.12,42772.05,44576.86,42145.93,43164.95,1130.58,0.6492,0.3508,36148.14,37886.37
45,15,3,98870.12,37886.37,42772.05,44576.86,41745.09,2926.27,0.548,0.452,36148.14,37534.67
45,16,4,98870.12,37534.67,37886.37,42772.05,39397.7,2490.35,0.5004,0.4996,36148.14,34258.06
45,17,5,98870.12,34258.06,37534.67,37886.37,36559.7,1733.83,0.5475,0.4525,36148.14,32019.65
45,18,6,98870.12,32019.65,34258.06,37534.67,34604.13,2364.76,0.4435,0.5565,36148.14,31360.99
45,19,7,98870.12,31360.99,32019.65,34258.06,32546.23,1339.95,0.4805,0.5195,36148.14,37466.46
45,20,8,98870.12,37466.46,31360.99,32019.65,33615.7,2836.14,0.4769,0.5231,36148.14,31360.99
45,21,9,98870.12,31360.99,37466.46,31360.99,33396.14,2978.15,0.5569,0.4431,36148.14,31360.99
45,22,10,98870.12,31360.99,31360.99,37466.46,33396.14,2978.15,0.4202,0.5798,36148.14,33107.3
45,23,11,98870.12,33107.3,31360.99,31360.99,31943.09,923.22,0.6587,0.3413,36148.14,39553.31
45,24,12,98870.12,39553.31,33107.3,31360.99,34673.86,3623.17,0.4724,0.5276,36148.14,39477.28
46,1,1,49259.49,31968.47,28202.85,30069.72,30080.35,1637.32,0.6286,0.3714,19736.6,25906.72
46,2,2,49259.49,25906.72,31968.47,28202.85,28692.68,2598.82,0.6457,0.3543,19736.6,25958.83
46,3,3,49259.49,25958.83,25906.72,31968.47,27944.67,2945.33,0.4355,0.5645,19736.6,21832.33
46,4,4,49259.49,21832.33,25958.83,25906.72,24565.96,2033.09,0.4584,0.5416,19736.6,21421.23
46,5,5,49259.49,21421.23,21832.33,25958.83,23070.8,2149.03,0.6032,0.3968,19736.6,21349.51
46,6,6,49259.49,21349.51,21421.23,21832.33,21534.36,312.72,0.4568,0.5432,19736.6,20515.31
46,7,7,49259.49,20515.31,21349.51,21421.23,21095.35,511.19,0.4488,0.5512,19736.6,18985.51
46,8,8,49259.49,18985.51,20515.31,21349.51,20283.44,1078.92,0.5568,0.4432,19736.6,18117.06
46,9,9,49259.49,18117.06,18985.51,20515.31,19205.96,1091.41,0.5149,0.4851,19736.6,17690.21
46,10,10,49259.49,17690.21,18117.06,18985.51,18264.26,638.95,0.4389,0.5611,19736.6,18929.2
46,11,11,49259.49,18929.2,17690.21,18117.06,18245.49,613.91,0.6032,0.3968,19736.6,21679.64
46,12,12,49259.49,21679.64,18929.2,17690.21,19433.02,1767.19,0.5922,0.4078,19736.6,25876.36
46,13,1,49259.49,25876.36,21679.64,18929.2,22161.74,2956.58,0.5724,0.4276,19736.6,21232.1
46,14,2,49259.49,21232.1,25876.36,21679.64,22929.37,2191.84,0.5075,0.4925,19736.6,16781.92
46,15,3,49259.49,16781.92,21232.1,25876.36,21296.8,3813.07,0.5039,0.4961,19736.6,17412.86
46,16,4,49259.49,17412.86,16781.92,21232.1,18475.63,2066.07,0.6737,0.3263,19736.6,21408.01
46,17,5,49259.49,21408.01,17412.86,16781.92,18534.26,2148.3,0.6104,0.3896,19736.6,17658.01
46,18,6,49259.49,17658.01,21408.01,17412.86,18826.29,1928.29,0.5336,0.4664,19736.6,20043.67
46,19,7,49259.49,20043.67,17658.01,21408.01,19703.23,1649.74,0.5862,0.4138,19736.6,21499.15
46,20,8,49259.49,21499.15,20043.67,17658.01,19733.61,1683.39,0.5467,0.4533,19736.6,18457.72
46,21,9,49259.49,18457.72,21499.15,20043.67,20000.18,1342.04,0.5025,0.4975,19736.6,18958.4
46,22,10,49259.49,18958.4,18457.72,21499.15,19638.42,1431.52,0.6039,0.3961,19736.6,23382.51
46,23,11,49259.49,23382.51,18958.4,18457.72,20266.21,2313.02,0.5661,0.4339,19736.6,22180.43
46,24,12,49259.49,22180.43,23382.51,18958.4,21507.11,1967.84,0.6513,0.3487,19736.6,22253.65
47,1,1,153544.71,67168.03,65045.96,66836.81,66350.27,1032.14,0.5731,0.4269,83526.44,54080.37
47,2,2,153544.71,54080.37,67168.03,65045.96,62098.12,5835.21,0.4656,0.5344,83526.44,48777.91
47,3,3,153544.71,48777.91,54080.37,67168.03,56675.44,7828.73,0.4998,0.5002,83526.44,44450.83
47,4,4,153544.71,44450.83,48777.91,54080.37,49103.04,4037.96,0.599,0.401,83526.44,44469.34
47,5,5,153544.71,44469.34,44450.83,48777.91,45899.36,2135.46,0.4531,0.5469,83526.44,36064.54
47,6,6,153544.71,36064.54,44469.34,44450.83,41661.57,4057.71,0.6095,0.3905,83526.44,38768.11
47,7,7,153544.71,38768.11,36064.54,44469.34,39767.33,3603.24,0.6667,0.3333,83526.44,41646.56
47,8,8,153544.71,41646.56,38768.11,36064.54,38826.4,2379.22,0.6667,0.3333,83526.44,35009.13
47,9,9,153544.71,35009.13,41646.56,38768.11,38474.6,2817.65,0.5218,0.4782,83526.44,37550.5
47,10,10,153544.71,37550.5,35009.13,41646.56,38068.73,2834.38,0.6785,0.3215,83526.44,47310.91
47,11,11,153544.71,47310.91,37550.5,35009.13,39956.85,5402.6,0.6709,0.3291,83526.44,41685.12
47,12,12,153544.71,41685.12,47310.91,37550.5,42182.18,4100.14,0.4284,0.5716,83526.44,52916.49
47,13,1,153544.71,52916.49,41685.12,47310.91,47304.17,4685.19,0.5766,0.4234,83526.44,48807.16
47,14,2,153544.71,48807.16,52916.49,41685.12,47802.92,4739.85,0.6595,0.3405,83526.44,39718.19
47,15,3,153544.71,39718.19,48807.16,52916.49,47147.28,5614.54,0.6716,0.3284,83526.44,40433.93
47,16,4,153544.71,40433.93,39718.19,48807.16,42986.43,4226.24,0.4774,0.5226,83526.44,42191.65
47,17,5,153544.71,42191.65,40433.93,39718.19,40781.26,1139.22,0.567,0.433,83526.44,40392.16
47,18,6,153544.71,40392.16,42191.65,40433.93,41005.91,938.62,0.6635,0.3365,83526.44,41534.86
47,19,7,153544.71,41534.86,40392.16,42191.65,41372.89,843.51,0.4566,0.5434,83526.44,36056.51
47,20,8,153544.71,36056.51,41534.86,40392.16,39327.84,2459.76,0.6138,0.3862,83526.44,37432.43
47,21,9,153544.71,37432.43,36056.51,41534.86,38341.26,2427.03,0.4819,0.5181,83526.44,35009.13
47,22,10,153544.71,35009.13,37432.43,36056.51,36166.02,1092.33,0.6754,0.3246,83526.44,39049.82
47,23,11,153544.71,39049.82,35009.13,37432.43,37163.8,1760.5,0.4637,0.5363,83526.44,37806.23
47,24,12,153544.71,37806.23,39049.82,35009.13,37288.39,1789.75,0.6502,0.3498,83526.44,37968.79
48,1,1,38689.54,26882.93,26659.96,25917.41,26486.77,512.75,0.6096,0.3904,13710.2,21875.77
48,2,2,38689.54,21875.77,26882.93,26659.96,25139.55,2409.64,0.5073,0.4927,13710.2,18912.15
48,3,3,38689.54,18912.15,21875.77,26882.93,22556.95,3389.51,0.423,0.577,13710.2,19992.58
48,4,4,38689.54,19992.58,18912.15,21875.77,20260.17,1324.6,0.4745,0.5255,13710.2,18453.87
48,5,5,38689.54,18453.87,19992.58,18912.15,19119.53,745.07,0.6002,0.3998,13710.2,20270.37
48,6,6,38689.54,20270.37,18453.87,19992.58,19572.27,898.92,0.5111,0.4889,13710.2,18726.71
48,7,7,38689.54,18726.71,20270.37,18453.87,19150.32,899.79,0.6246,0.3754,13710.2,17601.94
48,8,8,38689.54,17601.94,18726.71,20270.37,18866.34,1193.85,0.6073,0.3927,13710.2,16320.99
48,9,9,38689.54,16320.99,17601.94,18726.71,17549.88,1082.82,0.4325,0.5675,13710.2,15921.84
48,10,10,38689.54,15921.84,16320.99,17601.94,16614.92,816.7,0.5339,0.4661,13710.2,16901.83
48,11,11,38689.54,16901.83,15921.84,16320.99,16381.55,502.37,0.5291,0.4709,13710.2,18627.77
48,12,12,38689.54,18627.77,16901.83,15921.84,17150.48,1218.6,0.4632,0.5368,13710.2,20164.29
48,13,1,38689.54,20164.29,18627.77,16901.83,18564.63,1432.64,0.5276,0.4724,13710.2,16836.97
48,14,2,38689.54,16836.97,20164.29,18627.77,18543.01,1459.69,0.6493,0.3507,13710.2,13643.24
48,15,3,38689.54,13643.24,16836.97,20164.29,16881.5,2762.4,0.5113,0.4887,13710.2,12489.67
48,16,4,38689.54,12489.67,13643.24,16836.97,14323.29,1938.77,0.5176,0.4824,13710.2,13673.63
48,17,5,38689.54,13673.63,12489.67,13643.24,13268.85,651.1,0.6355,0.3645,13710.2,12489.67
48,18,6,38689.54,12489.67,13673.63,12489.67,12884.33,658.13,0.6251,0.3749,13710.2,12489.67
48,19,7,38689.54,12489.67,12489.67,13673.63,12884.33,658.13,0.5703,0.4297,13710.2,13113.1
48,20,8,38689.54,13113.1,12489.67,12489.67,12697.48,393.89,0.6171,0.3829,13710.2,16137.86
48,21,9,38689.54,16137.86,13113.1,12489.67,13913.54,1693.29,0.4787,0.5213,13710.2,14631.47
48,22,10,38689.54,14631.47,16137.86,13113.1,14627.48,1334.86,0.5373,0.4627,13710.2,17049.91
48,23,11,38689.54,17049.91,14631.47,16137.86,15939.75,1097.21,0.6278,0.3722,13710.2,17642.93
48,24,12,38689.54,17642.93,17049.91,14631.47,16441.44,1402.54,0.4287,0.5713,13710.2,17851.9
49,1,1,34288.77,28016.95,26154.55,27013.36,27061.62,861.09,0.4393,0.5607,7687.2,24642.22
49,2,2,34288.77,24642.22,28016.95,26154.55,26271.24,1480.2,0.4642,0.5358,7687.2,20204.85
49,3,3,34288.77,20204.85,24642.22,28016.95,24288.01,3299.1,0.5176,0.4824,7687.2,21000.66
49,4,4,34288.77,21000.66,20204.85,24642.22,21949.24,2031.74,0.6103,0.3897,7687.2,19187.34
49,5,5,34288.77,19187.34,21000.66,20204.85,20130.95,842.12,0.5622,0.4378,7687.2,17041.2
49,6,6,34288.77,17041.2,19187.34,21000.66,19076.4,1718.34,0.6535,0.3465,7687.2,17421.55
49,7,7,34288.77,17421.55,17041.2,19187.34,17883.36,1035.04,0.4442,0.5558,7687.2,15375.9
49,8,8,34288.77,15375.9,17421.55,17041.2,16612.88,988.36,0.5744,0.4256,7687.2,15261.42
49,9,9,34288.77,15261.42,15375.9,17421.55,16019.62,1092.41,0.5795,0.4205,7687.2,14991.13
49,10,10,34288.77,14991.13,15261.42,15375.9,15209.48,261.32,0.5455,0.4545,7687.2,18009.56
49,11,11,34288.77,18009.56,14991.13,15261.42,16087.37,1463.67,0.4281,0.5719,7687.2,19003.99
49,12,12,34288.77,19003.99,18009.56,14991.13,17334.89,1806.29,0.665,0.335,7687.2,19191.02
49,13,1,34288.77,19191.02,19003.99,18009.56,18734.86,618.51,0.4629,0.5371,7687.2,18729.09
49,14,2,34288.77,18729.09,19191.02,19003.99,18974.7,289.72,0.6513,0.3487,7687.2,18170.33
49,15,3,34288.77,18170.33,18729.09,19191.02,18696.81,517.32,0.4608,0.5392,7687.2,17885.37
49,16,4,34288.77,17885.37,18170.33,18729.09,18261.6,450.44,0.4463,0.5537,7687.2,16904.08
49,17,5,34288.77,16904.08,17885.37,18170.33,17653.26,642.38,0.4734,0.5266,7687.2,14517.43
49,18,6,34288.77,14517.43,16904.08,17885.37,16435.63,1514.29,0.4694,0.5306,7687.2,13356.58
49,19,7,34288.77,13356.58,14517.43,16904.08,14926.03,1576.8,0.6013,0.3987,7687.2,13379.74
49,20,8,34288.77,13379.74,13356.58,14517.43,13751.25,641.85,0.6077,0.3923,7687.2,13300.79
49,21,9,34288.77,13300.79,13379.74,13356.58,13345.7,133.14,0.6098,0.3902,7687.2,13300.79
49,22,10,34288.77,13300.79,13300.79,13379.74,13327.1,137.22,0.489,0.511,7687.2,14988.89
49,23,11,34288.77,14988.89,13300.79,13300.79,13863.49,895.78,0.4932,0.5068,7687.2,16763.96
49,24,12,34288.77,16763.96,14988.89,13300.79,15017.88,1513.98,0.4818,0.5182,7687.2,17192.94
50,1,1,34937.89,25035.27,24385.35,21243.84,23554.82,1755.51,0.5476,0.4524,10651.84,20286.68
50,2,2,34937.89,20286.68,25035.27,24385.35,23235.77,2202.13,0.4342,0.5658,10651.84,17829.69
50,3,3,34937.89,17829.69,20286.68,25035.27,21050.55,3090.84,0.421,0.579,10651.84,15769.93
50,4,4,34937.89,15769.93,17829.69,20286.68,17962.1,1946.33,0.4428,0.5572,10651.84,16305.19
50,5,5,34937.89,16305.19,15769.93,17829.69,16634.94,972.62,0.6342,0.3658,10651.84,17419.19
50,6,6,34937.89,17419.19,16305.19,15769.93,16498.1,786.99,0.5825,0.4175,10651.84,17503.77
50,7,7,34937.89,17503.77,17419.19,16305.19,17076.05,646.17,0.5449,0.4551,10651.84,15815.69
50,8,8,34937.89,15815.69,17503.77,17419.19,16912.88,876.6,0.4452,0.5548,10651.84,17209.22
50,9,9,34937.89,17209.22,15815.69,17503.77,16842.89,836.23,0.4738,0.5262,10651.84,16087.01
50,10,10,34937.89,16087.01,17209.22,15815.69,16370.64,703.23,0.5859,0.4141,10651.84,16547.9
50,11,11,34937.89,16547.9,16087.01,17209.22,16614.71,560.57,0.674,0.326,10651.84,16463.72
50,12,12,34937.89,16463.72,16547.9,16087.01,16366.21,300.4,0.5431,0.4569,10651.84,16800.21
50,13,1,34937.89,16800.21,16463.72,16547.9,16603.95,242.97,0.45,0.55,10651.84,15115.14
50,14,2,34937.89,15115.14,16800.21,16463.72,16126.36,828.11,0.6241,0.3759,10651.84,14015.33
50,15,3,34937.89,14015.33,15115.14,16800.21,15310.23,1245.26,0.5424,0.4576,10651.84,14140.51
50,16,4,34937.89,14140.51,14015.33,15115.14,14423.66,591.62,0.6527,0.3473,10651.84,13744.41
50,17,5,34937.89,13744.41,14140.51,14015.33,13966.75,265.31,0.4889,0.5111,10651.84,13999.09
50,18,6,34937.89,13999.09,13744.41,14140.51,13961.34,263.89,0.5869,0.4131,10651.84,15114.72
50,19,7,34937.89,15114.72,13999.09,13744.41,14286.08,695.09,0.5208,0.4792,10651.84,15422.91
50,20,8,34937.89,15422.91,15114.72,13999.09,14845.57,711.63,0.5165,0.4835,10651.84,12514.02
50,21,9,34937.89,12514.02,15422.91,15114.72,14350.55,1404.7,0.5192,0.4808,10651.84,12143.03
50,22,10,34937.89,12143.03,12514.02,15422.91,13359.98,1566.55,0.4685,0.5315,10651.84,15363.13
50,23,11,34937.89,15363.13,12143.03,12514.02,13340.06,1538.52,0.4316,0.5684,10651.84,13685.91
50,24,12,34937.89,13685.91,15363.13,12143.03,13730.69,1414.98,0.5343,0.4657,10651.84,14595.24
51,1,1,71742.04,40168.61,38399.38,44961.02,41176.34,2871.93,0.436,0.564,28297.12,37845.67
51,2,2,71742.04,37845.67,40168.61,38399.38,38804.55,1090.67,0.6156,0.3844,28297.12,30889.3
51,3,3,71742.04,30889.3,37845.67,40168.61,36301.19,4042.54,0.5935,0.4065,28297.12,23986.09
51,4,4,71742.04,23986.09,30889.3,37845.67,30907.02,5758.16,0.4423,0.5577,28297.12,24069.69
51,5,5,71742.04,24069.69,23986.09,30889.3,26315.03,3334.68,0.5094,0.4906,28297.12,25075.38
51,6,6,71742.04,25075.38,24069.69,23986.09,24377.05,594.97,0.5608,0.4392,28297.12,21722.46
51,7,7,71742.04,21722.46,25075.38,24069.69,23622.51,1504.87,0.6724,0.3276,28297.12,22694.54
51,8,8,71742.04,22694.54,21722.46,25075.38,23164.13,1508.52,0.5733,0.4267,28297.12,22555.98
51,9,9,71742.04,22555.98,22694.54,21722.46,22324.33,529.33,0.5639,0.4361,28297.12,23681.37
51,10,10,71742.04,23681.37,22555.98,22694.54,22977.3,601.06,0.6386,0.3614,28297.12,26097.22
51,11,11,71742.04,26097.22,23681.37,22555.98,24111.52,1577.35,0.6328,0.3672,28297.12,24814.63
51,12,12,71742.04,24814.63,26097.22,23681.37,24864.41,1086.89,0.5288,0.4712,28297.12,30193.2
51,13,1,71742.04,30193.2,24814.63,26097.22,27035.02,2393.74,0.5592,0.4408,28297.12,26895.46
51,14,2,71742.04,26895.46,30193.2,24814.63,27301.1,2314.45,0.6454,0.3546,28297.12,24159.87
51,15,3,71742.04,24159.87,26895.46,30193.2,27082.84,2566.66,0.5435,0.4565,28297.12,22153.48
51,16,4,71742.04,22153.48,24159.87,26895.46,24402.94,2043.52,0.6492,0.3508,28297.12,21722.46
51,17,5,71742.04,21722.46,22153.48,24159.87,22678.6,1162.09,0.5438,0.4562,28297.12,21722.46
51,18,6,71742.04,21722.46,21722.46,22153.48,21866.14,303.18,0.4405,0.5595,28297.12,21722.46
51,19,7,71742.04,21722.46,21722.46,21722.46,21722.46,100.0,0.6547,0.3453,28297.12,25830.56
51,20,8,71742.04,25830.56,21722.46,21722.46,23091.83,2036.58,0.6057,0.3943,28297.12,21722.46
51,21,9,71742.04,21722.46,25830.56,21722.46,23091.83,2036.58,0.5505,0.4495,28297.12,21722.46
51,22,10,71742.04,21722.46,21722.46,25830.56,23091.83,2036.58,0.6541,0.3459,28297.12,28713.1
51,23,11,71742.04,28713.1,21722.46,21722.46,24052.67,3395.42,0.6281,0.3719,28297.12,28255.42
51,24,12,71742.04,28255.42,28713.1,21722.46,26230.32,3293.01,0.5962,0.4038,28297.12,27456.47
52,1,1,131160.67,88182.12,80119.07,92034.03,86778.41,5064.5,0.5368,0.4632,48074.08,79443.05
52,2,2,131160.67,79443.05,88182.12,80119.07,82581.41,4069.9,0.6668,0.3332,48074.08,65026.03
52,3,3,131160.67,65026.03,79443.05,88182.12,77550.4,9647.7,0.4635,0.5365,48074.08,71957.69
52,4,4,131160.67,71957.69,65026.03,79443.05,72142.25,5987.17,0.4751,0.5249,48074.08,62165.91
52,5,5,131160.67,62165.91,71957.69,65026.03,66383.21,4211.06,0.4701,0.5299,48074.08,61514.13
52,6,6,131160.67,61514.13,62165.91,71957.69,65212.57,4876.93,0.4311,0.5689,48074.08,59013.72
52,7,7,131160.67,59013.72,61514.13,62165.91,60897.92,1458.64,0.4404,0.5596,48074.08,60815.71
52,8,8,131160.67,60815.71,59013.72,61514.13,60447.85,1153.41,0.5976,0.4024,48074.08,62645.68
52,9,9,131160.67,62645.68,60815.71,59013.72,60825.03,1582.75,0.4725,0.5275,48074.08,57205.74
52,10,10,131160.67,57205.74,62645.68,60815.71,60222.37,2360.13,0.6339,0.3661,48074.08,57262.3
52,11,11,131160.67,57262.3,57205.74,62645.68,59037.91,2651.18,0.4584,0.5416,48074.08,62629.05
52,12,12,131160.67,62629.05,57262.3,57205.74,59032.36,2643.34,0.5747,0.4253,48074.08,60160.79
52,13,1,131160.67,60160.79,62629.05,57262.3,60017.38,2293.31,0.5031,0.4969,48074.08,64108.66
52,14,2,131160.67,64108.66,60160.79,62629.05,62299.5,1728.47,0.609,0.391,48074.08,55234.27
52,15,3,131160.67,55234.27,64108.66,60160.79,59834.57,3730.29,0.6299,0.3701,48074.08,51702.17
52,16,4,131160.67,51702.17,55234.27,64108.66,57015.03,5319.11,0.4426,0.5574,48074.08,51527.3
52,17,5,131160.67,51527.3,51702.17,55234.27,52821.24,1807.76,0.5647,0.4353,48074.08,43835.51
52,18,6,131160.67,43835.51,51527.3,51702.17,49021.66,3767.86,0.5635,0.4365,48074.08,41543.29
52,19,7,131160.67,41543.29,43835.51,51527.3,45635.37,4370.03,0.6427,0.3573,48074.08,47730.81
52,20,8,131160.67,47730.81,41543.29,43835.51,44369.87,2654.15,0.5551,0.4449,48074.08,42545.79
52,21,9,131160.67,42545.79,47730.81,41543.29,43939.96,2811.6,0.6585,0.3415,48074.08,41543.29
52,22,10,131160.67,41543.29,42545.79,47730.81,43939.96,2811.6,0.4232,0.5768,48074.08,49804.5
52,23,11,131160.67,49804.5,41543.29,42545.79,44631.19,3780.9,0.6021,0.3979,48074.08,57515.63
52,24,12,131160.67,57515.63,49804.5,41543.29,49621.14,6621.97,0.5728,0.4272,48074.08,61030.39
53,1,1,92812.97,56957.8,50209.36,47649.05,51605.4,4026.4,0.5673,0.4327,39689.95,53118.42
53,2,2,92812.97,53118.42,56957.8,50209.36,53428.53,2863.75,0.5715,0.4285,39689.95,43020.75
53,3,3,92812.97,43020.75,53118.42,56957.8,51032.32,5977.88,0.6709,0.3291,39689.95,40486.02
53,4,4,92812.97,40486.02,43020.75,53118.42,45541.73,5556.55,0.4461,0.5539,39689.95,42942.78
53,5,5,92812.97,42942.78,40486.02,43020.75,42149.85,1276.93,0.4475,0.5525,39689.95,40624.81
53,6,6,92812.97,40624.81,42942.78,40486.02,41351.2,1226.84,0.6227,0.3773,39689.95,38957.44
53,7,7,92812.97,38957.44,40624.81,42942.78,40841.68,1734.22,0.6243,0.3757,39689.95,43654.51
53,8,8,92812.97,43654.51,38957.44,40624.81,41078.92,2044.27,0.6455,0.3545,39689.95,36707.42
53,9,9,92812.97,36707.42,43654.51,38957.44,39773.12,2994.19,0.6488,0.3512,39689.95,38192.67
53,10,10,92812.97,38192.67,36707.42,43654.51,39518.2,3087.01,0.6483,0.3517,39689.95,40275.74
53,11,11,92812.97,40275.74,38192.67,36707.42,38391.94,1563.56,0.4887,0.5113,39689.95,41824.4
53,12,12,92812.97,41824.4,40275.74,38192.67,40097.6,1587.99,0.5902,0.4098,39689.95,47848.36
53,13,1,92812.97,47848.36,41824.4,40275.74,43316.17,3366.51,0.5687,0.4313,39689.95,43146.36
53,14,2,92812.97,43146.36,47848.36,41824.4,44273.04,2685.1,0.543,0.457,39689.95,38782.37
53,15,3,92812.97,38782.37,43146.36,47848.36,43259.03,3802.03,0.4648,0.5352,39689.95,40642.1
53,16,4,92812.97,40642.1,38782.37,43146.36,40856.95,1888.06,0.5248,0.4752,39689.95,36118.57
53,17,5,92812.97,36118.57,40642.1,38782.37,38514.35,1956.42,0.5807,0.4193,39689.95,31726.3
53,18,6,92812.97,31726.3,36118.57,40642.1,36162.33,3739.99,0.597,0.403,39689.95,28280.97
53,19,7,92812.97,28280.97,31726.3,36118.57,32041.95,3307.46,0.5244,0.4756,39689.95,26561.51
53,20,8,92812.97,26561.51,28280.97,31726.3,28856.26,2247.4,0.5229,0.4771,39689.95,33989.52
53,21,9,92812.97,33989.52,26561.51,28280.97,29610.67,3274.89,0.6485,0.3515,39689.95,27340.13
53,22,10,92812.97,27340.13,33989.52,26561.51,29297.06,3433.27,0.5995,0.4005,39689.95,30207.59
53,23,11,92812.97,30207.59,27340.13,33989.52,30512.42,2823.15,0.4328,0.5672,39689.95,31924.93
53,24,12,92812.97,31924.93,30207.59,27340.13,29824.22,1991.26,0.5436,0.4564,39689.95,34791.63
54,1,1,84319.34,42987.44,43112.7,39070.75,41723.63,1976.56,0.6325,0.3675,43615.97,36799.9
54,2,2,84319.34,36799.9,42987.44,43112.7,40966.68,3046.8,0.4988,0.5012,43615.97,32615.38
54,3,3,84319.34,32615.38,36799.9,42987.44,37467.57,4360.61,0.4929,0.5071,43615.97,30433.85
54,4,4,84319.34,30433.85,32615.38,36799.9,33283.04,2741.46,0.5478,0.4522,43615.97,32669.53
54,5,5,84319.34,32669.53,30433.85,32615.38,31906.26,1141.38,0.601,0.399,43615.97,30677.87
54,6,6,84319.34,30677.87,32669.53,30433.85,31260.42,1101.36,0.4455,0.5545,43615.97,30126.41
54,7,7,84319.34,30126.41,30677.87,32669.53,31157.94,1192.31,0.6459,0.3541,43615.97,29660.22
54,8,8,84319.34,29660.22,30126.41,30677.87,30154.83,515.94,0.4549,0.5451,43615.97,30381.0
54,9,9,84319.34,30381.0,29660.22,30126.41,30055.87,398.45,0.6733,0.3267,43615.97,28317.38
54,10,10,84319.34,28317.38,30381.0,29660.22,29452.87,955.13,0.5352,0.4648,43615.97,26444.49
54,11,11,84319.34,26444.49,28317.38,30381.0,28380.96,1707.7,0.6347,0.3653,43615.97,29661.72
54,12,12,84319.34,29661.72,26444.49,28317.38,28141.2,1419.32,0.49,0.51,43615.97,28490.91
54,13,1,84319.34,28490.91,29661.72,26444.49,28199.04,1429.54,0.5284,0.4716,43615.97,25187.09
54,14,2,84319.34,25187.09,28490.91,29661.72,27779.91,1994.68,0.5878,0.4122,43615.97,24590.26
54,15,3,84319.34,24590.26,25187.09,28490.91,26089.42,1815.5,0.4689,0.5311,43615.97,26964.65
54,16,4,84319.34,26964.65,24590.26,25187.09,25580.67,1108.5,0.475,0.525,43615.97,25041.07
54,17,5,84319.34,25041.07,26964.65,24590.26,25532.0,1129.62,0.6342,0.3658,43615.97,24794.28
54,18,6,84319.34,24794.28,25041.07,26964.65,25600.0,1070.2,0.6126,0.3874,43615.97,28038.97
54,19,7,84319.34,28038.97,24794.28,25041.07,25958.11,1574.84,0.6175,0.3825,43615.97,26189.19
54,20,8,84319.34,26189.19,28038.97,24794.28,26340.81,1428.97,0.6455,0.3545,43615.97,31074.68
54,21,9,84319.34,31074.68,26189.19,28038.97,28434.28,2113.99,0.6335,0.3665,43615.97,29119.07
54,22,10,84319.34,29119.07,31074.68,26189.19,28794.32,2107.67,0.554,0.446,43615.97,25421.91
54,23,11,84319.34,25421.91,29119.07,31074.68,28538.56,2443.96,0.4613,0.5387,43615.97,30112.03
54,24,12,84319.34,30112.03,25421.91,29119.07,28217.67,2118.03,0.5009,0.4991,43615.97,31532.38
55,1,1,140118.48,86369.08,83347.88,79370.86,83029.28,2965.88,0.5563,0.4437,60069.18,69169.22
55,2,2,140118.48,69169.22,86369.08,83347.88,79628.73,7598.13,0.5679,0.4321,60069.18,60371.77
55,3,3,140118.48,60371.77,69169.22,86369.08,71970.03,10896.56,0.4652,0.5348,60069.18,55163.79
55,4,4,140118.48,55163.79,60371.77,69169.22,61568.26,5879.95,0.6475,0.3525,60069.18,50885.45
55,5,5,140118.48,50885.45,55163.79,60371.77,55473.67,3978.97,0.4722,0.5278,60069.18,52035.59
55,6,6,140118.48,52035.59,50885.45,55163.79,52694.94,1907.78,0.435,0.565,60069.18,56351.18
55,7,7,140118.48,56351.18,52035.59,50885.45,53090.74,2452.81,0.4286,0.5714,60069.18,53177.51
55,8,8,140118.48,53177.51,56351.18,52035.59,53854.76,1925.76,0.4331,0.5669,60069.18,45187.74
55,9,9,140118.48,45187.74,53177.51,56351.18,51572.14,4796.7,0.5137,0.4863,60069.18,47603.56
55,10,10,140118.48,47603.56,45187.74,53177.51,48656.27,3445.67,0.4718,0.5282,60069.18,57237.86
55,11,11,140118.48,57237.86,47603.56,45187.74,50009.72,5305.35,0.5158,0.4842,60069.18,54344.33
55,12,12,140118.48,54344.33,57237.86,47603.56,53061.92,4136.36,0.5407,0.4593,60069.18,55983.94
55,13,1,140118.48,55983.94,54344.33,57237.86,55855.38,1284.77,0.5232,0.4768,60069.18,52179.4
55,14,2,140118.48,52179.4,55983.94,54344.33,54169.22,1658.12,0.66,0.34,60069.18,43731.47
55,15,3,140118.48,43731.47,52179.4,55983.94,50631.6,5220.39,0.5971,0.4029,60069.18,47496.65
55,16,4,140118.48,47496.65,43731.47,52179.4,47802.51,3555.63,0.4829,0.5171,60069.18,45281.03
55,17,5,140118.48,45281.03,47496.65,43731.47,45503.05,1645.12,0.5471,0.4529,60069.18,45843.7
55,18,6,140118.48,45843.7,45281.03,47496.65,46207.12,1040.32,0.536,0.464,60069.18,40821.42
55,19,7,140118.48,40821.42,45843.7,45281.03,43982.05,2346.68,0.6697,0.3303,60069.18,40024.65
55,20,8,140118.48,40024.65,40821.42,45843.7,42229.92,2675.95,0.5434,0.4566,60069.18,43676.13
55,21,9,140118.48,43676.13,40024.65,40821.42,41507.4,1667.64,0.5633,0.4367,60069.18,40626.63
55,22,10,140118.48,40626.63,43676.13,40024.65,41442.47,1698.44,0.5095,0.4905,60069.18,53719.5
55,23,11,140118.48,53719.5,40626.63,43676.13,46007.42,5693.57,0.6378,0.3622,60069.18,52186.26
55,24,12,140118.48,52186.26,53719.5,40626.63,48844.13,5944.27,0.4873,0.5127,60069.18,55188.4
56,1,1,166067.64,87441.43,72630.4,70473.01,76848.28,7642.09,0.4329,0.5671,84501.53,65038.79
56,2,2,166067.64,65038.79,87441.43,72630.4,75036.88,9402.79,0.642,0.358,84501.53,64704.74
56,3,3,166067.64,64704.74,65038.79,87441.43,72394.99,10740.31,0.6228,0.3772,84501.53,58136.77
56,4,4,166067.64,58136.77,64704.74,65038.79,62626.77,3277.84,0.4757,0.5243,84501.53,69043.36
56,5,5,166067.64,69043.36,58136.77,64704.74,63961.62,4583.49,0.4776,0.5224,84501.53,57791.06
56,6,6,166067.64,57791.06,69043.36,58136.77,61657.06,5324.8,0.4785,0.5215,84501.53,55788.2
56,7,7,166067.64,55788.2,57791.06,69043.36,60874.2,5934.05,0.4738,0.5262,84501.53,61938.44
56,8,8,166067.64,61938.44,55788.2,57791.06,58505.9,2661.2,0.5894,0.4106,84501.53,66732.94
56,9,9,166067.64,66732.94,61938.44,55788.2,61486.52,4579.58,0.5535,0.4465,84501.53,70168.09
56,10,10,166067.64,70168.09,66732.94,61938.44,66279.82,3474.98,0.6448,0.3552,84501.53,76778.4
56,11,11,166067.64,76778.4,70168.09,66732.94,71226.47,4268.77,0.6715,0.3285,84501.53,80768.71
56,12,12,166067.64,80768.71,76778.4,70168.09,75905.06,4471.52,0.5974,0.4026,84501.53,81771.17
56,13,1,166067.64,81771.17,80768.71,76778.4,79772.76,2256.52,0.5433,0.4567,84501.53,75577.62
56,14,2,166067.64,75577.62,81771.17,80768.71,79372.5,2814.42,0.4544,0.5456,84501.53,61394.3
56,15,3,166067.64,61394.3,75577.62,81771.17,72914.36,8629.32,0.465,0.535,84501.53,55254.94
56,16,4,166067.64,55254.94,61394.3,75577.62,64075.62,8610.58,0.6282,0.3718,84501.53,54233.26
56,17,5,166067.64,54233.26,55254.94,61394.3,56960.83,3262.56,0.4782,0.5218,84501.53,50849.93
56,18,6,166067.64,50849.93,54233.26,55254.94,53446.05,1982.52,0.5782,0.4218,84501.53,46713.36
56,19,7,166067.64,46713.36,50849.93,54233.26,50598.85,3175.11,0.6652,0.3348,84501.53,50138.52
56,20,8,166067.64,50138.52,46713.36,50849.93,49233.94,1905.82,0.6053,0.3947,84501.53,52798.57
56,21,9,166067.64,52798.57,50138.52,46713.36,49883.48,2590.81,0.6044,0.3956,84501.53,49576.02
56,22,10,166067.64,49576.02,52798.57,50138.52,50837.7,1505.43,0.4916,0.5084,84501.53,62493.36
56,23,11,166067.64,62493.36,49576.02,52798.57,54955.98,5589.7,0.6528,0.3472,84501.53,54888.17
56,24,12,166067.64,54888.17,62493.36,49576.02,55652.52,5401.11,0.6414,0.3586,84501.53,56751.74
57,1,1,96299.97,54776.67,50350.27,57218.12,54115.02,2942.55,0.5961,0.4039,38763.53,47947.61
57,2,2,96299.97,47947.61,54776.67,50350.27,51024.85,2928.46,0.6343,0.3657,38763.53,46248.53
57,3,3,96299.97,46248.53,47947.61,54776.67,49657.61,3785.59,0.5233,0.4767,38763.53,45089.48
57,4,4,96299.97,45089.48,46248.53,47947.61,46428.54,1273.75,0.4466,0.5534,38763.53,38167.5
57,5,5,96299.97,38167.5,45089.48,46248.53,43168.5,3667.76,0.553,0.447,38763.53,43430.46
57,6,6,96299.97,43430.46,38167.5,45089.48,42229.14,3050.8,0.5922,0.4078,38763.53,43604.56
57,7,7,96299.97,43604.56,43430.46,38167.5,41734.17,2623.02,0.6393,0.3607,38763.53,41441.05
57,8,8,96299.97,41441.05,43604.56,43430.46,42825.36,1081.43,0.5173,0.4827,38763.53,38039.78
57,9,9,96299.97,38039.78,41441.05,43604.56,41028.47,2390.47,0.5883,0.4117,38763.53,33485.29
57,10,10,96299.97,33485.29,38039.78,41441.05,37655.37,3359.28,0.5784,0.4216,38763.53,36167.64
57,11,11,96299.97,36167.64,33485.29,38039.78,35897.57,1969.14,0.4976,0.5024,38763.53,42458.11
57,12,12,96299.97,42458.11,36167.64,33485.29,37370.35,3860.56,0.4481,0.5519,38763.53,49243.15
57,13,1,96299.97,49243.15,42458.11,36167.64,42622.97,5439.33,0.4366,0.5634,38763.53,47568.22
57,14,2,96299.97,47568.22,49243.15,42458.11,46423.16,2985.89,0.677,0.323,38763.53,38655.05
57,15,3,96299.97,38655.05,47568.22,49243.15,45155.47,4747.07,0.5866,0.4134,38763.53,34407.59
57,16,4,96299.97,34407.59,38655.05,47568.22,40210.29,5584.19,0.644,0.356,38763.53,35143.82
57,17,5,96299.97,35143.82,34407.59,38655.05,36068.82,1953.28,0.4879,0.5121,38763.53,28768.22
57,18,6,96299.97,28768.22,35143.82,34407.59,32773.21,2947.86,0.6049,0.3951,38763.53,30956.07
57,19,7,96299.97,30956.07,28768.22,35143.82,31622.7,2745.17,0.652,0.348,38763.53,30130.55
57,20,8,96299.97,30130.55,30956.07,28768.22,29951.61,1002.1,0.4977,0.5023,38763.53,28768.22
57,21,9,96299.97,28768.22,30130.55,30956.07,29951.61,1002.1,0.459,0.541,38763.53,28768.22
57,22,10,96299.97,28768.22,28768.22,30130.55,29222.33,742.21,0.619,0.381,38763.53,34261.08
57,23,11,96299.97,34261.08,28768.22,28768.22,30599.17,2689.36,0.6539,0.3461,38763.53,33778.69
57,24,12,96299.97,33778.69,34261.08,28768.22,32269.33,2583.48,0.6294,0.3706,38763.53,31687.97
58,1,1,140143.44,57678.46,71617.72,80436.58,69910.92,9469.02,0.4564,0.5436,68390.9,62848.31
58,2,2,140143.44,62848.31,57678.46,71617.72,64048.16,5853.58,0.4266,0.5734,68390.9,51503.71
58,3,3,140143.44,51503.71,62848.31,57678.46,57343.49,4737.47,0.5493,0.4507,68390.9,46858.97
58,4,4,140143.44,46858.97,51503.71,62848.31,53737.0,6815.92,0.4969,0.5031,68390.9,48117.82
58,5,5,140143.44,48117.82,46858.97,51503.71,48826.83,2061.36,0.6558,0.3442,68390.9,41185.15
58,6,6,140143.44,41185.15,48117.82,46858.97,45387.32,3115.49,0.5252,0.4748,68390.9,42355.15
58,7,7,140143.44,42355.15,41185.15,48117.82,43886.04,3130.2,0.6116,0.3884,68390.9,44446.41
58,8,8,140143.44,44446.41,42355.15,41185.15,42662.24,1448.99,0.5716,0.4284,68390.9,47043.13
58,9,9,140143.44,47043.13,44446.41,42355.15,44614.9,2017.56,0.6786,0.3214,68390.9,43262.53
58,10,10,140143.44,43262.53,47043.13,44446.41,44917.36,1678.94,0.6322,0.3678,68390.9,46029.48
58,11,11,140143.44,46029.48,43262.53,47043.13,45445.05,1697.79,0.5092,0.4908,68390.9,44510.53
58,12,12,140143.44,44510.53,46029.48,43262.53,44600.85,1231.41,0.6055,0.3945,68390.9,43669.58
58,13,1,140143.44,43669.58,44510.53,46029.48,44736.53,1076.59,0.5984,0.4016,68390.9,41146.72
58,14,2,140143.44,41146.72,43669.58,44510.53,43108.94,1529.34,0.586,0.414,68390.9,39455.72
58,15,3,140143.44,39455.72,41146.72,43669.58,41424.01,1831.44,0.5437,0.4563,68390.9,42984.83
58,16,4,140143.44,42984.83,39455.72,41146.72,41195.76,1541.17,0.6646,0.3354,68390.9,37404.48
58,17,5,140143.44,37404.48,42984.83,39455.72,39948.34,2404.64,0.5132,0.4868,68390.9,44019.29
58,18,6,140143.44,44019.29,37404.48,42984.83,41469.53,3005.28,0.4981,0.5019,68390.9,40212.31
58,19,7,140143.44,40212.31,44019.29,37404.48,40545.36,2810.73,0.4642,0.5358,68390.9,39175.17
58,20,8,140143.44,39175.17,40212.31,44019.29,41135.59,2182.58,0.591,0.409,68390.9,35876.27
58,21,9,140143.44,35876.27,39175.17,40212.31,38421.25,1948.71,0.5651,0.4349,68390.9,35876.27
58,22,10,140143.44,35876.27,35876.27,39175.17,36975.91,1655.12,0.4964,0.5036,68390.9,44684.82
58,23,11,140143.44,44684.82,35876.27,35876.27,38812.45,4252.39,0.5424,0.4576,68390.9,49303.8
58,24,12,140143.44,49303.8,44684.82,35876.27,43288.3,5670.0,0.6126,0.3874,68390.9,48401.11
59,1,1,198375.47,98227.28,101055.65,87961.2,95748.04,5725.9,0.4676,0.5324,100570.24,82838.29
59,2,2,198375.47,82838.29,98227.28,101055.65,94040.4,8104.81,0.5967,0.4033,100570.24,77192.19
59,3,3,198375.47,77192.19,82838.29,98227.28,86085.92,8989.28,0.5073,0.4927,100570.24,66119.77
59,4,4,198375.47,66119.77,77192.19,82838.29,75383.42,7044.11,0.4432,0.5568,100570.24,66166.69
59,5,5,198375.47,66166.69,66119.77,77192.19,69826.22,5308.56,0.5124,0.4876,100570.24,55722.44
59,6,6,198375.47,55722.44,66166.69,66119.77,62669.63,5012.45,0.6135,0.3865,100570.24,58549.62
59,7,7,198375.47,58549.62,55722.44,66166.69,60146.25,4510.78,0.4998,0.5002,100570.24,56488.93
59,8,8,198375.47,56488.93,58549.62,55722.44,56920.33,1293.82,0.6249,0.3751,100570.24,48902.62
59,9,9,198375.47,48902.62,56488.93,58549.62,54647.05,4248.13,0.5061,0.4939,100570.24,56800.65
59,10,10,198375.47,56800.65,48902.62,56488.93,54064.07,3751.91,0.4877,0.5123,100570.24,56192.74
59,11,11,198375.47,56192.74,56800.65,48902.62,53965.33,3688.47,0.4965,0.5035,100570.24,55377.36
59,12,12,198375.47,55377.36,56192.74,56800.65,56123.58,683.11,0.6413,0.3587,100570.24,61729.29
59,13,1,198375.47,61729.29,55377.36,56192.74,57766.46,2921.85,0.5423,0.4577,100570.24,63743.94
59,14,2,198375.47,63743.94,61729.29,55377.36,60283.53,3665.35,0.6453,0.3547,100570.24,50504.01
59,15,3,198375.47,50504.01,63743.94,61729.29,58659.08,5924.87,0.5717,0.4283,100570.24,52736.17
59,16,4,198375.47,52736.17,50504.01,63743.94,55661.37,5887.43,0.6655,0.3345,100570.24,54950.78
59,17,5,198375.47,54950.78,52736.17,50504.01,52730.32,1915.39,0.4385,0.5615,100570.24,56620.26
59,18,6,198375.47,56620.26,54950.78,52736.17,54769.07,1690.87,0.6513,0.3487,100570.24,55202.48
59,19,7,198375.47,55202.48,56620.26,54950.78,55591.17,834.89,0.5501,0.4499,100570.24,51817.4
59,20,8,198375.47,51817.4,55202.48,56620.26,54546.71,2114.85,0.6455,0.3545,100570.24,48902.62
59,21,9,198375.47,48902.62,51817.4,55202.48,51974.16,2674.3,0.5192,0.4808,100570.24,50227.83
59,22,10,198375.47,50227.83,48902.62,51817.4,50315.95,1291.58,0.4976,0.5024,100570.24,49442.29
59,23,11,198375.47,49442.29,50227.83,48902.62,49524.24,644.11,0.4341,0.5659,100570.24,48902.62
59,24,12,198375.47,48902.62,49442.29,50227.83,49524.24,644.11,0.6421,0.3579,100570.24,57606.19
60,1,1,57404.35,32563.42,26160.36,28812.63,29178.8,2726.83,0.6767,0.3233,26612.64,28535.69
60,2,2,57404.35,28535.69,32563.42,26160.36,29086.49,2742.89,0.6521,0.3479,26612.64,27253.37
60,3,3,57404.35,27253.37,28535.69,32563.42,29450.82,2362.34,0.6765,0.3235,26612.64,25057.79
60,4,4,57404.35,25057.79,27253.37,28535.69,26948.95,1536.07,0.4572,0.5428,26612.64,22045.4
60,5,5,57404.35,22045.4,25057.79,27253.37,24785.52,2234.84,0.6442,0.3558,26612.64,20909.48
60,6,6,57404.35,20909.48,22045.4,25057.79,22670.89,1850.34,0.4669,0.5331,26612.64,22389.19
60,7,7,57404.35,22389.19,20909.48,22045.4,21781.36,732.29,0.441,0.559,26612.64,19455.38
60,8,8,57404.35,19455.38,22389.19,20909.48,20918.02,1297.74,0.5065,0.4935,26612.64,17547.99
60,9,9,57404.35,17547.99,19455.38,22389.19,19797.52,2091.17,0.6765,0.3235,26612.64,16850.34
60,10,10,57404.35,16850.34,17547.99,19455.38,17951.23,1201.07,0.5015,0.4985,26612.64,17032.87
60,11,11,57404.35,17032.87,16850.34,17547.99,17143.73,395.41,0.4351,0.5649,26612.64,18902.37
60,12,12,57404.35,18902.37,17032.87,16850.34,17595.19,1027.31,0.5375,0.4625,26612.64,22875.16
60,13,1,57404.35,22875.16,18902.37,17032.87,19603.47,2536.08,0.4744,0.5256,26612.64,20706.83
60,14,2,57404.35,20706.83,22875.16,18902.37,20828.12,1724.15,0.6211,0.3789,26612.64,17899.67
60,15,3,57404.35,17899.67,20706.83,22875.16,20493.89,2136.81,0.5698,0.4302,26612.64,17534.89
60,16,4,57404.35,17534.89,17899.67,20706.83,18713.8,1517.13,0.4612,0.5388,26612.64,15395.85
60,17,5,57404.35,15395.85,17534.89,17899.67,16943.47,1204.42,0.6242,0.3758,26612.64,17312.81
60,18,6,57404.35,17312.81,15395.85,17534.89,16747.85,1060.3,0.6227,0.3773,26612.64,16563.79
60,19,7,57404.35,16563.79,17312.81,15395.85,16424.15,888.8,0.4536,0.5464,26612.64,15941.18
60,20,8,57404.35,15941.18,16563.79,17312.81,16605.92,660.76,0.5328,0.4672,26612.64,21360.85
60,21,9,57404.35,21360.85,15941.18,16563.79,17955.27,2521.49,0.5316,0.4684,26612.64,19477.59
60,22,10,57404.35,19477.59,21360.85,15941.18,18926.54,2346.62,0.5315,0.4685,26612.64,19130.35
60,23,11,57404.35,19130.35,19477.59,21360.85,19989.6,1079.93,0.5441,0.4559,26612.64,19889.39
60,24,12,57404.35,19889.39,19130.35,19477.59,19499.11,410.25,0.4212,0.5788,26612.64,23106.78
